{"package": {"All_Weights": {"Bias_Weight": 382.94746278697113, "Categorical_Variables": {}, "Numerical_Variables": {"bpf_cpu_time_us": {"mean": 102513.66048109967, "variance": 25008945059.24368, "weight": 1.4145466500533717}}}}, "core": {"All_Weights": {"Bias_Weight": 0.0, "Categorical_Variables": {}, "Numerical_Variables": {"bpf_cpu_time_us": {"mean": 102513.66048109967, "variance": 25008945059.24368, "weight": 0.0}}}}, "uncore": {"All_Weights": {"Bias_Weight": 0.0, "Categorical_Variables": {}, "Numerical_Variables": {"bpf_cpu_time_us": {"mean": 102513.66048109967, "variance": 25008945059.24368, "weight": 0.0}}}}, "dram": {"All_Weights": {"Bias_Weight": 156.9380565434233, "Categorical_Variables": {}, "Numerical_Variables": {"bpf_cpu_time_us": {"mean": 102513.66048109967, "variance": 25008945059.24368, "weight": -0.20416103947271322}}}}}