{"platform": {"All_Weights": {"Bias_Weight": -10.845037093307873, "Categorical_Variables": {}, "Numerical_Variables": {"bpf_cpu_time_us": {"scale": 29182.999999999996, "weight": 0.0}, "bpf_page_cache_hit": {"scale": 9436.333333333334, "weight": 15.044652922191766}, "cache_miss": {"scale": 164824697.0, "weight": 68.67838839862796}, "cgroupfs_cpu_usage_us": {"scale": 18441512.999999996, "weight": 0.0}, "cgroupfs_memory_usage_bytes": {"scale": 5829973.333333334, "weight": 0.9323172106676253}, "cgroupfs_system_cpu_usage_us": {"scale": 4407750.666666666, "weight": 0.0}, "cgroupfs_user_cpu_usage_us": {"scale": 14033762.333333334, "weight": 0.0}, "cpu_cycles": {"scale": 56167500039.33333, "weight": 141.53375189172806}, "cpu_instructions": {"scale": 69255196529.66666, "weight": 0.0}, "kubelet_cpu_usage": {"scale": 187.33333333333334, "weight": 0.0}, "kubelet_memory_bytes": {"scale": 21214233941.333332, "weight": 0.0}}}}}