{"platform": {"All_Weights": {"Bias_Weight": -10.200066890724768, "Categorical_Variables": {}, "Numerical_Variables": {"bpf_cpu_time_us": {"scale": 29182.999999999996, "weight": 1.8995364989862695}, "bpf_page_cache_hit": {"scale": 9436.333333333334, "weight": 16.340657614723806}, "cache_miss": {"scale": 164824697.0, "weight": 68.496637883384}, "cgroupfs_cpu_usage_us": {"scale": 18441512.999999996, "weight": -1.6854739952991729}, "cgroupfs_memory_usage_bytes": {"scale": 5829973.333333334, "weight": 2.0068706125961415}, "cgroupfs_system_cpu_usage_us": {"scale": 4407750.666666666, "weight": -1.2869042027237945}, "cgroupfs_user_cpu_usage_us": {"scale": 14033762.333333334, "weight": -1.8106784066194126}, "cpu_cycles": {"scale": 56167500039.33333, "weight": 141.11917051674132}, "cpu_instructions": {"scale": 69255196529.66666, "weight": -4.232734931731469}, "kubelet_cpu_usage": {"scale": 187.33333333333334, "weight": -7.125141041823599}, "kubelet_memory_bytes": {"scale": 21214233941.333332, "weight": -9.636751212855026}}}}}