{"platform": {"All_Weights": {"Bias_Weight": 4462.428401617873, "Categorical_Variables": {}, "Numerical_Variables": {"bpf_cpu_time_us": {"mean": 18046.36197440585, "variance": 50441797209.982315, "weight": 46.620507933789824}}}}}