{"package": {"All_Weights": {"Bias_Weight": -34.90428997031211, "Categorical_Variables": {}, "Numerical_Variables": {"bpf_block_irq": {"scale": 1.6666666666666667, "weight": 0.8960993621707171}, "bpf_net_rx_irq": {"scale": 483.66666666666663, "weight": 52.20966227322143}, "bpf_net_tx_irq": {"scale": 1.0, "weight": 0.0}, "cache_miss": {"scale": 164824697.0, "weight": 24.704681770711186}, "cpu_cycles": {"scale": 56167500039.33333, "weight": 117.90468083761799}, "cpu_instructions": {"scale": 69255196529.66666, "weight": 3.5822277516130336}}}}, "core": {"All_Weights": {"Bias_Weight": 0.0, "Categorical_Variables": {}, "Numerical_Variables": {"bpf_block_irq": {"scale": 1.6666666666666667, "weight": 0.0}, "bpf_net_rx_irq": {"scale": 483.66666666666663, "weight": 0.0}, "bpf_net_tx_irq": {"scale": 1.0, "weight": 0.0}, "cache_miss": {"scale": 164824697.0, "weight": 0.0}, "cpu_cycles": {"scale": 56167500039.33333, "weight": 0.0}, "cpu_instructions": {"scale": 69255196529.66666, "weight": 0.0}}}}, "uncore": {"All_Weights": {"Bias_Weight": 0.0, "Categorical_Variables": {}, "Numerical_Variables": {"bpf_block_irq": {"scale": 1.6666666666666667, "weight": 0.0}, "bpf_net_rx_irq": {"scale": 483.66666666666663, "weight": 0.0}, "bpf_net_tx_irq": {"scale": 1.0, "weight": 0.0}, "cache_miss": {"scale": 164824697.0, "weight": 0.0}, "cpu_cycles": {"scale": 56167500039.33333, "weight": 0.0}, "cpu_instructions": {"scale": 69255196529.66666, "weight": 0.0}}}}, "dram": {"All_Weights": {"Bias_Weight": -4.833819571321498, "Categorical_Variables": {}, "Numerical_Variables": {"bpf_block_irq": {"scale": 1.6666666666666667, "weight": 0.0}, "bpf_net_rx_irq": {"scale": 483.66666666666663, "weight": 10.834582925087481}, "bpf_net_tx_irq": {"scale": 1.0, "weight": 0.0}, "cache_miss": {"scale": 164824697.0, "weight": 34.73084661437817}, "cpu_cycles": {"scale": 56167500039.33333, "weight": 2.9164389868930556}, "cpu_instructions": {"scale": 69255196529.66666, "weight": 0.0}}}}}