{"package": {"All_Weights": {"Bias_Weight": 330.4082487780707, "Categorical_Variables": {}, "Numerical_Variables": {"kubelet_cpu_usage": {"mean": 2.3786104605776743, "variance": 4.55402596405399, "weight": 33.43426245450014}, "kubelet_memory_bytes": {"mean": 9808864.82435597, "variance": 7663836189704639.0, "weight": -2.756092018617009}}}}, "core": {"All_Weights": {"Bias_Weight": 0.0, "Categorical_Variables": {}, "Numerical_Variables": {"kubelet_cpu_usage": {"mean": 2.3786104605776743, "variance": 4.55402596405399, "weight": 0.0}, "kubelet_memory_bytes": {"mean": 9808864.82435597, "variance": 7663836189704639.0, "weight": 0.0}}}}, "uncore": {"All_Weights": {"Bias_Weight": 0.0, "Categorical_Variables": {}, "Numerical_Variables": {"kubelet_cpu_usage": {"mean": 2.3786104605776743, "variance": 4.55402596405399, "weight": 0.0}, "kubelet_memory_bytes": {"mean": 9808864.82435597, "variance": 7663836189704639.0, "weight": 0.0}}}}, "dram": {"All_Weights": {"Bias_Weight": 128.68707807615658, "Categorical_Variables": {}, "Numerical_Variables": {"kubelet_cpu_usage": {"mean": 2.3786104605776743, "variance": 4.55402596405399, "weight": 0.3113287422807205}, "kubelet_memory_bytes": {"mean": 9808864.82435597, "variance": 7663836189704639.0, "weight": 0.44997445021241284}}}}}