{"platform": {"All_Weights": {"Bias_Weight": 190.42526917850677, "Categorical_Variables": {}, "Numerical_Variables": {"bpf_cpu_time_us": {"scale": 29182.999999999996, "weight": 2.295911338282509}, "bpf_page_cache_hit": {"scale": 9436.333333333334, "weight": 15.391228393446672}, "cache_miss": {"scale": 164824697.0, "weight": 67.8912608507156}, "cgroupfs_cpu_usage_us": {"scale": 18441512.999999996, "weight": -2.189831105857349}, "cgroupfs_memory_usage_bytes": {"scale": 5829973.333333334, "weight": 5.248630862625374}, "cgroupfs_system_cpu_usage_us": {"scale": 4407750.666666666, "weight": -1.555753022114612}, "cgroupfs_user_cpu_usage_us": {"scale": 14033762.333333334, "weight": -2.3890079876965755}, "cpu_cycles": {"scale": 56167500039.33333, "weight": 139.85895202083128}, "cpu_instructions": {"scale": 69255196529.66666, "weight": 1.129402378792259}, "kubelet_cpu_usage": {"scale": 187.33333333333334, "weight": -4.025834424563309}, "kubelet_memory_bytes": {"scale": 21214233941.333332, "weight": -11.150654048788718}}}}}