{"package": {"All_Weights": {"Bias_Weight": 13.122378413378357, "Categorical_Variables": {}, "Numerical_Variables": {"bpf_block_irq": {"scale": 1.6666666666666667, "weight": 0.0}, "bpf_cpu_time_us": {"scale": 29182.999999999996, "weight": 87.59718580618511}, "bpf_net_rx_irq": {"scale": 483.66666666666663, "weight": 0.0}, "bpf_net_tx_irq": {"scale": 1.0, "weight": 0.0}, "bpf_page_cache_hit": {"scale": 9436.333333333334, "weight": 32.793369923860084}}}}, "core": {"All_Weights": {"Bias_Weight": 0.0, "Categorical_Variables": {}, "Numerical_Variables": {"bpf_block_irq": {"scale": 1.6666666666666667, "weight": 0.0}, "bpf_cpu_time_us": {"scale": 29182.999999999996, "weight": 0.0}, "bpf_net_rx_irq": {"scale": 483.66666666666663, "weight": 0.0}, "bpf_net_tx_irq": {"scale": 1.0, "weight": 0.0}, "bpf_page_cache_hit": {"scale": 9436.333333333334, "weight": 0.0}}}}, "uncore": {"All_Weights": {"Bias_Weight": 0.0, "Categorical_Variables": {}, "Numerical_Variables": {"bpf_block_irq": {"scale": 1.6666666666666667, "weight": 0.0}, "bpf_cpu_time_us": {"scale": 29182.999999999996, "weight": 0.0}, "bpf_net_rx_irq": {"scale": 483.66666666666663, "weight": 0.0}, "bpf_net_tx_irq": {"scale": 1.0, "weight": 0.0}, "bpf_page_cache_hit": {"scale": 9436.333333333334, "weight": 0.0}}}}, "dram": {"All_Weights": {"Bias_Weight": -4.279624446809227, "Categorical_Variables": {}, "Numerical_Variables": {"bpf_block_irq": {"scale": 1.6666666666666667, "weight": 0.0}, "bpf_cpu_time_us": {"scale": 29182.999999999996, "weight": 8.011139665772056}, "bpf_net_rx_irq": {"scale": 483.66666666666663, "weight": 11.545226391236099}, "bpf_net_tx_irq": {"scale": 1.0, "weight": 0.0}, "bpf_page_cache_hit": {"scale": 9436.333333333334, "weight": 16.457144628491584}}}}}