{"package": {"All_Weights": {"Bias_Weight": 27.36962458971051, "Categorical_Variables": {}, "Numerical_Variables": {"bpf_block_irq": {"scale": 1.6666666666666667, "weight": -4.243330076236078}, "bpf_cpu_time_us": {"scale": 29182.999999999996, "weight": 88.92423403350737}, "bpf_net_rx_irq": {"scale": 483.66666666666663, "weight": -26.483862746718348}, "bpf_net_tx_irq": {"scale": 1.0, "weight": 0.0}, "bpf_page_cache_hit": {"scale": 9436.333333333334, "weight": 29.68503521776297}}}}, "core": {"All_Weights": {"Bias_Weight": 0.0, "Categorical_Variables": {}, "Numerical_Variables": {"bpf_block_irq": {"scale": 1.6666666666666667, "weight": 0.0}, "bpf_cpu_time_us": {"scale": 29182.999999999996, "weight": 0.0}, "bpf_net_rx_irq": {"scale": 483.66666666666663, "weight": 0.0}, "bpf_net_tx_irq": {"scale": 1.0, "weight": 0.0}, "bpf_page_cache_hit": {"scale": 9436.333333333334, "weight": 0.0}}}}, "uncore": {"All_Weights": {"Bias_Weight": 0.0, "Categorical_Variables": {}, "Numerical_Variables": {"bpf_block_irq": {"scale": 1.6666666666666667, "weight": 0.0}, "bpf_cpu_time_us": {"scale": 29182.999999999996, "weight": 0.0}, "bpf_net_rx_irq": {"scale": 483.66666666666663, "weight": 0.0}, "bpf_net_tx_irq": {"scale": 1.0, "weight": 0.0}, "bpf_page_cache_hit": {"scale": 9436.333333333334, "weight": 0.0}}}}, "dram": {"All_Weights": {"Bias_Weight": -0.45135176562502455, "Categorical_Variables": {}, "Numerical_Variables": {"bpf_block_irq": {"scale": 1.6666666666666667, "weight": -0.6883496567557053}, "bpf_cpu_time_us": {"scale": 29182.999999999996, "weight": 8.422617075739701}, "bpf_net_rx_irq": {"scale": 483.66666666666663, "weight": 3.992212603561581}, "bpf_net_tx_irq": {"scale": 1.0, "weight": 0.0}, "bpf_page_cache_hit": {"scale": 9436.333333333334, "weight": 15.524493899399905}}}}}