{"platform": {"All_Weights": {"Bias_Weight": -11.211291098101128, "Categorical_Variables": {}, "Numerical_Variables": {"cache_miss": {"scale": 164824697.0, "weight": 73.21884212627901}, "cpu_cycles": {"scale": 56167500039.33333, "weight": 143.99684160606188}, "cpu_instructions": {"scale": 69255196529.66666, "weight": 0.0}}}}}