{"platform": {"All_Weights": {"Bias_Weight": -10.669018134751127, "Categorical_Variables": {}, "Numerical_Variables": {"cache_miss": {"scale": 164824697.0, "weight": 76.25462868612509}, "cpu_cycles": {"scale": 56167500039.33333, "weight": 141.27025361395297}, "cpu_instructions": {"scale": 69255196529.66666, "weight": 1.2868735892052525}}}}}