{"package": {"All_Weights": {"Bias_Weight": 331.0654378016759, "Categorical_Variables": {}, "Numerical_Variables": {"cgroupfs_cpu_usage_us": {"mean": 6579.3267239136085, "variance": 10716927.002656464, "weight": -2.5725527608246415}, "cgroupfs_memory_usage_bytes": {"mean": 15296.849336455893, "variance": 188598539.42114127, "weight": 3.1467099943568053}, "cgroupfs_system_cpu_usage_us": {"mean": 1089.2531876138435, "variance": 193236.6325450622, "weight": -1.7308838363109067}, "cgroupfs_user_cpu_usage_us": {"mean": 5375.618006765548, "variance": 9411098.350973066, "weight": 2.3951098955421712}}}}, "core": {"All_Weights": {"Bias_Weight": 0.0, "Categorical_Variables": {}, "Numerical_Variables": {"cgroupfs_cpu_usage_us": {"mean": 6579.3267239136085, "variance": 10716927.002656464, "weight": 0.0}, "cgroupfs_memory_usage_bytes": {"mean": 15296.849336455893, "variance": 188598539.42114127, "weight": 0.0}, "cgroupfs_system_cpu_usage_us": {"mean": 1089.2531876138435, "variance": 193236.6325450622, "weight": 0.0}, "cgroupfs_user_cpu_usage_us": {"mean": 5375.618006765548, "variance": 9411098.350973066, "weight": 0.0}}}}, "uncore": {"All_Weights": {"Bias_Weight": 0.0, "Categorical_Variables": {}, "Numerical_Variables": {"cgroupfs_cpu_usage_us": {"mean": 6579.3267239136085, "variance": 10716927.002656464, "weight": 0.0}, "cgroupfs_memory_usage_bytes": {"mean": 15296.849336455893, "variance": 188598539.42114127, "weight": 0.0}, "cgroupfs_system_cpu_usage_us": {"mean": 1089.2531876138435, "variance": 193236.6325450622, "weight": 0.0}, "cgroupfs_user_cpu_usage_us": {"mean": 5375.618006765548, "variance": 9411098.350973066, "weight": 0.0}}}}, "dram": {"All_Weights": {"Bias_Weight": 128.87094842864872, "Categorical_Variables": {}, "Numerical_Variables": {"cgroupfs_cpu_usage_us": {"mean": 6579.3267239136085, "variance": 10716927.002656464, "weight": 0.22946817137067896}, "cgroupfs_memory_usage_bytes": {"mean": 15296.849336455893, "variance": 188598539.42114127, "weight": 0.27015506673004847}, "cgroupfs_system_cpu_usage_us": {"mean": 1089.2531876138435, "variance": 193236.6325450622, "weight": -0.2288990445090678}, "cgroupfs_user_cpu_usage_us": {"mean": 5375.618006765548, "variance": 9411098.350973066, "weight": 0.16176895155288534}}}}}