{"platform": {"All_Weights": {"Bias_Weight": 4062.6665256635447, "Categorical_Variables": {}, "Numerical_Variables": {"bpf_block_irq": {"mean": 239277.77912867276, "variance": 7573084041495.425, "weight": -5.539451223233637}, "bpf_cpu_time_us": {"mean": 609573.6089159067, "variance": 36597793266106.67, "weight": 0.417812443361333}, "bpf_net_rx_irq": {"mean": 417096.883485309, "variance": 21765495851505.24, "weight": -3.24584878462352}, "bpf_net_tx_irq": {"mean": 6.224924012158055, "variance": 21208.990949209012, "weight": 2.232841728400451}}}}}