{"platform": {"All_Weights": {"Bias_Weight": 4134.662234786854, "Categorical_Variables": {}, "Numerical_Variables": {"bpf_block_irq": {"scale": 73.33333333333333, "mean": 0, "variance": 0, "weight": 138.4222114010199}, "bpf_cpu_time_us": {"scale": 91202.66666666666, "mean": 0, "variance": 0, "weight": 644.1912260366382}, "bpf_net_rx_irq": {"scale": 9830.0, "mean": 0, "variance": 0, "weight": 796.1209183894946}, "bpf_net_tx_irq": {"scale": 1.6666666666666667, "mean": 0, "variance": 0, "weight": 266.233058570692}}}}}