{"package": {"All_Weights": {"Bias_Weight": 373.39075589082574, "Categorical_Variables": {}, "Numerical_Variables": {"bpf_cpu_time_us": {"mean": 18046.36197440585, "variance": 50441797209.982315, "weight": 0.4498846908440249}}}}, "core": {"All_Weights": {"Bias_Weight": 0.0, "Categorical_Variables": {}, "Numerical_Variables": {"bpf_cpu_time_us": {"mean": 18046.36197440585, "variance": 50441797209.982315, "weight": 0.0}}}}, "uncore": {"All_Weights": {"Bias_Weight": 0.0, "Categorical_Variables": {}, "Numerical_Variables": {"bpf_cpu_time_us": {"mean": 18046.36197440585, "variance": 50441797209.982315, "weight": 0.0}}}}, "dram": {"All_Weights": {"Bias_Weight": 139.58586202462692, "Categorical_Variables": {}, "Numerical_Variables": {"bpf_cpu_time_us": {"mean": 18046.36197440585, "variance": 50441797209.982315, "weight": -0.6626581929156589}}}}}