{"platform": {"All_Weights": {"Bias_Weight": 4068.7297517586853, "Categorical_Variables": {}, "Numerical_Variables": {"bpf_block_irq": {"mean": 250859.33304806738, "variance": 1290514743971.1147, "weight": -15.595529243533804}, "bpf_cpu_time_us": {"mean": 604873.8496648126, "variance": 1432722470136.7961, "weight": -9.514977530131407}, "bpf_net_rx_irq": {"mean": 402067.8088717729, "variance": 603840614582.5507, "weight": -19.872001002909172}, "bpf_net_tx_irq": {"mean": 5.477107402652975, "variance": 593.1744034238759, "weight": 4.1213111206920034}}}}}