{"platform": {"All_Weights": {"Bias_Weight": 189.84589072957914, "Categorical_Variables": {}, "Numerical_Variables": {"cache_miss": {"scale": 164824697.0, "weight": 73.8961204494443}, "cpu_cycles": {"scale": 56167500039.33333, "weight": 143.04930581303267}, "cpu_instructions": {"scale": 69255196529.66666, "weight": 0.0}}}}}