{"platform": {"All_Weights": {"Bias_Weight": 190.18506162989163, "Categorical_Variables": {}, "Numerical_Variables": {"cache_miss": {"scale": 164824697.0, "weight": 75.86375531914614}, "cpu_cycles": {"scale": 56167500039.33333, "weight": 141.22631341866912}, "cpu_instructions": {"scale": 69255196529.66666, "weight": -0.598509671809326}}}}}