{"platform": {"All_Weights": {"Bias_Weight": 158.60796789243454, "Categorical_Variables": {}, "Numerical_Variables": {"bpf_block_irq": {"scale": 1.6666666666666667, "weight": 7.014083980557937}, "bpf_net_rx_irq": {"scale": 483.66666666666663, "weight": 57.645796748788754}, "bpf_net_tx_irq": {"scale": 1.0, "weight": 0.0}, "cache_miss": {"scale": 164824697.0, "weight": 68.31134852623559}, "cpu_cycles": {"scale": 56167500039.33333, "weight": 145.9624471051998}, "cpu_instructions": {"scale": 69255196529.66666, "weight": 0.0}}}}}