{"platform": {"All_Weights": {"Bias_Weight": 153.52934204587632, "Categorical_Variables": {}, "Numerical_Variables": {"bpf_block_irq": {"scale": 1.6666666666666667, "weight": 5.650466368154828}, "bpf_net_rx_irq": {"scale": 483.66666666666663, "weight": 68.1613206743312}, "bpf_net_tx_irq": {"scale": 1.0, "weight": 0.0}, "cache_miss": {"scale": 164824697.0, "weight": 68.77339435460203}, "cpu_cycles": {"scale": 56167500039.33333, "weight": 147.03242542781615}, "cpu_instructions": {"scale": 69255196529.66666, "weight": -2.374216554222924}}}}}