{"package": {"All_Weights": {"Bias_Weight": 440.2926925295017, "Categorical_Variables": {}, "Numerical_Variables": {"cgroupfs_cpu_usage_us": {"mean": 208512.5009118541, "variance": 10910913928.96719, "weight": -15.792246069330139}, "cgroupfs_memory_usage_bytes": {"mean": 534174.0093211753, "variance": 215080192942.43314, "weight": -6.4800218217558045}, "cgroupfs_system_cpu_usage_us": {"mean": 33902.73556231003, "variance": 190307324.4991372, "weight": -7.7868641380546455}, "cgroupfs_user_cpu_usage_us": {"mean": 171906.7882472138, "variance": 9389697491.91362, "weight": -8.04176251507348}}}}, "core": {"All_Weights": {"Bias_Weight": 0.0, "Categorical_Variables": {}, "Numerical_Variables": {"cgroupfs_cpu_usage_us": {"mean": 208512.5009118541, "variance": 10910913928.96719, "weight": 0.0}, "cgroupfs_memory_usage_bytes": {"mean": 534174.0093211753, "variance": 215080192942.43314, "weight": 0.0}, "cgroupfs_system_cpu_usage_us": {"mean": 33902.73556231003, "variance": 190307324.4991372, "weight": 0.0}, "cgroupfs_user_cpu_usage_us": {"mean": 171906.7882472138, "variance": 9389697491.91362, "weight": 0.0}}}}, "uncore": {"All_Weights": {"Bias_Weight": 0.0, "Categorical_Variables": {}, "Numerical_Variables": {"cgroupfs_cpu_usage_us": {"mean": 208512.5009118541, "variance": 10910913928.96719, "weight": 0.0}, "cgroupfs_memory_usage_bytes": {"mean": 534174.0093211753, "variance": 215080192942.43314, "weight": 0.0}, "cgroupfs_system_cpu_usage_us": {"mean": 33902.73556231003, "variance": 190307324.4991372, "weight": 0.0}, "cgroupfs_user_cpu_usage_us": {"mean": 171906.7882472138, "variance": 9389697491.91362, "weight": 0.0}}}}, "dram": {"All_Weights": {"Bias_Weight": 170.96491080514085, "Categorical_Variables": {}, "Numerical_Variables": {"cgroupfs_cpu_usage_us": {"mean": 208512.5009118541, "variance": 10910913928.96719, "weight": -1.2171569301721934}, "cgroupfs_memory_usage_bytes": {"mean": 534174.0093211753, "variance": 215080192942.43314, "weight": -0.25387787765018915}, "cgroupfs_system_cpu_usage_us": {"mean": 33902.73556231003, "variance": 190307324.4991372, "weight": -0.23658257322299367}, "cgroupfs_user_cpu_usage_us": {"mean": 171906.7882472138, "variance": 9389697491.91362, "weight": -2.061345768129657}}}}}