{"package": {"All_Weights": {"Bias_Weight": 398.1491166090413, "Categorical_Variables": {}, "Numerical_Variables": {"bpf_cpu_time_us": {"mean": 24722.358820589703, "variance": 50928245536.731476, "weight": -4.090079306494567}}}}, "core": {"All_Weights": {"Bias_Weight": 0.0, "Categorical_Variables": {}, "Numerical_Variables": {"bpf_cpu_time_us": {"mean": 24722.358820589703, "variance": 50928245536.731476, "weight": 0.0}}}}, "uncore": {"All_Weights": {"Bias_Weight": 0.0, "Categorical_Variables": {}, "Numerical_Variables": {"bpf_cpu_time_us": {"mean": 24722.358820589703, "variance": 50928245536.731476, "weight": 0.0}}}}, "dram": {"All_Weights": {"Bias_Weight": 145.64303648693476, "Categorical_Variables": {}, "Numerical_Variables": {"bpf_cpu_time_us": {"mean": 24722.358820589703, "variance": 50928245536.731476, "weight": -0.9621816394660236}}}}}