{"package": {"All_Weights": {"Bias_Weight": 440.18625030284636, "Categorical_Variables": {}, "Numerical_Variables": {"bpf_cpu_time_us": {"mean": 609573.6089159067, "variance": 36597793266106.67, "weight": -1.0961718611269489}}}}, "core": {"All_Weights": {"Bias_Weight": 0.0, "Categorical_Variables": {}, "Numerical_Variables": {"bpf_cpu_time_us": {"mean": 609573.6089159067, "variance": 36597793266106.67, "weight": 0.0}}}}, "uncore": {"All_Weights": {"Bias_Weight": 0.0, "Categorical_Variables": {}, "Numerical_Variables": {"bpf_cpu_time_us": {"mean": 609573.6089159067, "variance": 36597793266106.67, "weight": 0.0}}}}, "dram": {"All_Weights": {"Bias_Weight": 171.49672727827215, "Categorical_Variables": {}, "Numerical_Variables": {"bpf_cpu_time_us": {"mean": 609573.6089159067, "variance": 36597793266106.67, "weight": -1.0028170017773765}}}}}