{"package": {"All_Weights": {"Bias_Weight": 441.8538924401091, "Categorical_Variables": {}, "Numerical_Variables": {"bpf_block_irq": {"mean": 239277.77912867276, "variance": 7573084041495.425, "weight": -4.907562168705682}, "bpf_cpu_time_us": {"mean": 609573.6089159067, "variance": 36597793266106.67, "weight": 1.2374902439170983}, "bpf_net_rx_irq": {"mean": 417096.883485309, "variance": 21765495851505.24, "weight": -4.5583867697020155}, "bpf_net_tx_irq": {"mean": 6.224924012158055, "variance": 21208.990949209012, "weight": -0.42626695749418375}}}}, "core": {"All_Weights": {"Bias_Weight": 0.0, "Categorical_Variables": {}, "Numerical_Variables": {"bpf_block_irq": {"mean": 239277.77912867276, "variance": 7573084041495.425, "weight": 0.0}, "bpf_cpu_time_us": {"mean": 609573.6089159067, "variance": 36597793266106.67, "weight": 0.0}, "bpf_net_rx_irq": {"mean": 417096.883485309, "variance": 21765495851505.24, "weight": 0.0}, "bpf_net_tx_irq": {"mean": 6.224924012158055, "variance": 21208.990949209012, "weight": 0.0}}}}, "uncore": {"All_Weights": {"Bias_Weight": 0.0, "Categorical_Variables": {}, "Numerical_Variables": {"bpf_block_irq": {"mean": 239277.77912867276, "variance": 7573084041495.425, "weight": 0.0}, "bpf_cpu_time_us": {"mean": 609573.6089159067, "variance": 36597793266106.67, "weight": 0.0}, "bpf_net_rx_irq": {"mean": 417096.883485309, "variance": 21765495851505.24, "weight": 0.0}, "bpf_net_tx_irq": {"mean": 6.224924012158055, "variance": 21208.990949209012, "weight": 0.0}}}}, "dram": {"All_Weights": {"Bias_Weight": 171.291937920515, "Categorical_Variables": {}, "Numerical_Variables": {"bpf_block_irq": {"mean": 239277.77912867276, "variance": 7573084041495.425, "weight": -1.6632116809543696}, "bpf_cpu_time_us": {"mean": 609573.6089159067, "variance": 36597793266106.67, "weight": -0.4730860616291093}, "bpf_net_rx_irq": {"mean": 417096.883485309, "variance": 21765495851505.24, "weight": -0.4645777639972217}, "bpf_net_tx_irq": {"mean": 6.224924012158055, "variance": 21208.990949209012, "weight": -0.005094629628995487}}}}}