{"platform": {"All_Weights": {"Bias_Weight": 4067.9743502163433, "Categorical_Variables": {}, "Numerical_Variables": {"cgroupfs_cpu_usage_us": {"mean": 208429.05849379546, "variance": 360066322.0198227, "weight": -61.18471466805973}, "cgroupfs_memory_usage_bytes": {"mean": 538695.1293681358, "variance": 11156261522.970177, "weight": -7.143834768764444}, "cgroupfs_system_cpu_usage_us": {"mean": 33898.659249750395, "variance": 5970656.849910915, "weight": 15.127058336231611}, "cgroupfs_user_cpu_usage_us": {"mean": 171717.08743403223, "variance": 307144282.57703966, "weight": -50.91109798543773}}}}}