{"platform": {"All_Weights": {"Bias_Weight": 4563.086681362201, "Categorical_Variables": {}, "Numerical_Variables": {"bpf_block_irq": {"mean": 4551.787121673775, "variance": 3121001851.14894, "weight": -79.9066481892427}, "bpf_cpu_time_us": {"mean": 3646.1929717651833, "variance": 1805705021.2792134, "weight": -162.37555055199704}, "bpf_net_rx_irq": {"mean": 1947.6904326630106, "variance": 932710969.1292566, "weight": 130.052441319771}, "bpf_net_tx_irq": {"mean": 0.05200081251269551, "variance": 5.913832805831375, "weight": 5599.217659908144}}}}}