{"platform": {"All_Weights": {"Bias_Weight": 3431.697838574132, "Categorical_Variables": {}, "Numerical_Variables": {"bpf_cpu_time_us": {"mean": 24722.358820589703, "variance": 50928245536.731476, "weight": 1.604054934497026}}}}}