{"platform": {"All_Weights": {"Bias_Weight": 4929.620977198784, "Categorical_Variables": {}, "Numerical_Variables": {"bpf_cpu_time_us": {"mean": 412116.9732770745, "variance": 952257394226.6783, "weight": -264.50797189356337}}}}}