{"package": {"All_Weights": {"Bias_Weight": 40.8777489812662, "Categorical_Variables": {}, "Numerical_Variables": {"kubelet_cpu_usage": {"scale": 187.33333333333334, "weight": 160.63340189627655}, "kubelet_memory_bytes": {"scale": 21214233941.333332, "weight": 47.36885969717828}}}}, "core": {"All_Weights": {"Bias_Weight": 0.0, "Categorical_Variables": {}, "Numerical_Variables": {"kubelet_cpu_usage": {"scale": 187.33333333333334, "weight": 0.0}, "kubelet_memory_bytes": {"scale": 21214233941.333332, "weight": 0.0}}}}, "uncore": {"All_Weights": {"Bias_Weight": 0.0, "Categorical_Variables": {}, "Numerical_Variables": {"kubelet_cpu_usage": {"scale": 187.33333333333334, "weight": 0.0}, "kubelet_memory_bytes": {"scale": 21214233941.333332, "weight": 0.0}}}}, "dram": {"All_Weights": {"Bias_Weight": 4.485611092512862, "Categorical_Variables": {}, "Numerical_Variables": {"kubelet_cpu_usage": {"scale": 187.33333333333334, "weight": 17.352461762638903}, "kubelet_memory_bytes": {"scale": 21214233941.333332, "weight": 10.611157404741455}}}}}