{"package": {"All_Weights": {"Bias_Weight": -7.811943631866323, "Categorical_Variables": {}, "Numerical_Variables": {"bpf_cpu_time_us": {"scale": 29182.999999999996, "weight": 0.338747815750377}, "bpf_page_cache_hit": {"scale": 9436.333333333334, "weight": 10.580920852346164}, "cache_miss": {"scale": 164824697.0, "weight": 25.105055549711015}, "cgroupfs_cpu_usage_us": {"scale": 18441512.999999996, "weight": -0.9996886153115527}, "cgroupfs_memory_usage_bytes": {"scale": 5829973.333333334, "weight": 10.729052065042552}, "cgroupfs_system_cpu_usage_us": {"scale": 4407750.666666666, "weight": -0.039097306954439776}, "cgroupfs_user_cpu_usage_us": {"scale": 14033762.333333334, "weight": -1.3013958053221995}, "cpu_cycles": {"scale": 56167500039.33333, "weight": 112.17563166194316}, "cpu_instructions": {"scale": 69255196529.66666, "weight": 10.316104933953946}, "kubelet_cpu_usage": {"scale": 187.33333333333334, "weight": -1.435068581623479}, "kubelet_memory_bytes": {"scale": 21214233941.333332, "weight": -2.757502227851855}}}}, "core": {"All_Weights": {"Bias_Weight": 0.0, "Categorical_Variables": {}, "Numerical_Variables": {"bpf_cpu_time_us": {"scale": 29182.999999999996, "weight": 0.0}, "bpf_page_cache_hit": {"scale": 9436.333333333334, "weight": 0.0}, "cache_miss": {"scale": 164824697.0, "weight": 0.0}, "cgroupfs_cpu_usage_us": {"scale": 18441512.999999996, "weight": 0.0}, "cgroupfs_memory_usage_bytes": {"scale": 5829973.333333334, "weight": 0.0}, "cgroupfs_system_cpu_usage_us": {"scale": 4407750.666666666, "weight": 0.0}, "cgroupfs_user_cpu_usage_us": {"scale": 14033762.333333334, "weight": 0.0}, "cpu_cycles": {"scale": 56167500039.33333, "weight": 0.0}, "cpu_instructions": {"scale": 69255196529.66666, "weight": 0.0}, "kubelet_cpu_usage": {"scale": 187.33333333333334, "weight": 0.0}, "kubelet_memory_bytes": {"scale": 21214233941.333332, "weight": 0.0}}}}, "uncore": {"All_Weights": {"Bias_Weight": 0.0, "Categorical_Variables": {}, "Numerical_Variables": {"bpf_cpu_time_us": {"scale": 29182.999999999996, "weight": 0.0}, "bpf_page_cache_hit": {"scale": 9436.333333333334, "weight": 0.0}, "cache_miss": {"scale": 164824697.0, "weight": 0.0}, "cgroupfs_cpu_usage_us": {"scale": 18441512.999999996, "weight": 0.0}, "cgroupfs_memory_usage_bytes": {"scale": 5829973.333333334, "weight": 0.0}, "cgroupfs_system_cpu_usage_us": {"scale": 4407750.666666666, "weight": 0.0}, "cgroupfs_user_cpu_usage_us": {"scale": 14033762.333333334, "weight": 0.0}, "cpu_cycles": {"scale": 56167500039.33333, "weight": 0.0}, "cpu_instructions": {"scale": 69255196529.66666, "weight": 0.0}, "kubelet_cpu_usage": {"scale": 187.33333333333334, "weight": 0.0}, "kubelet_memory_bytes": {"scale": 21214233941.333332, "weight": 0.0}}}}, "dram": {"All_Weights": {"Bias_Weight": 0.7072266430023215, "Categorical_Variables": {}, "Numerical_Variables": {"bpf_cpu_time_us": {"scale": 29182.999999999996, "weight": 3.3338191263662607}, "bpf_page_cache_hit": {"scale": 9436.333333333334, "weight": 2.5146118325846456}, "cache_miss": {"scale": 164824697.0, "weight": 30.347227015743265}, "cgroupfs_cpu_usage_us": {"scale": 18441512.999999996, "weight": 0.39528054789354705}, "cgroupfs_memory_usage_bytes": {"scale": 5829973.333333334, "weight": 0.932307841596386}, "cgroupfs_system_cpu_usage_us": {"scale": 4407750.666666666, "weight": 0.4404370452336851}, "cgroupfs_user_cpu_usage_us": {"scale": 14033762.333333334, "weight": 0.38109789380871867}, "cpu_cycles": {"scale": 56167500039.33333, "weight": 5.12641109032906}, "cpu_instructions": {"scale": 69255196529.66666, "weight": -10.54521303100338}, "kubelet_cpu_usage": {"scale": 187.33333333333334, "weight": 0.9433350423085248}, "kubelet_memory_bytes": {"scale": 21214233941.333332, "weight": 0.551501454759513}}}}}