{"package": {"All_Weights": {"Bias_Weight": 439.62417075491345, "Categorical_Variables": {}, "Numerical_Variables": {"kubelet_cpu_usage": {"mean": 8.150962512664641, "variance": 98.93654838123571, "weight": 122.02697124666133}, "kubelet_memory_bytes": {"mean": 8688270.86200608, "variance": 2028297671651381.0, "weight": 3.199853084695474}}}}, "core": {"All_Weights": {"Bias_Weight": 0.0, "Categorical_Variables": {}, "Numerical_Variables": {"kubelet_cpu_usage": {"mean": 8.150962512664641, "variance": 98.93654838123571, "weight": 0.0}, "kubelet_memory_bytes": {"mean": 8688270.86200608, "variance": 2028297671651381.0, "weight": 0.0}}}}, "uncore": {"All_Weights": {"Bias_Weight": 0.0, "Categorical_Variables": {}, "Numerical_Variables": {"kubelet_cpu_usage": {"mean": 8.150962512664641, "variance": 98.93654838123571, "weight": 0.0}, "kubelet_memory_bytes": {"mean": 8688270.86200608, "variance": 2028297671651381.0, "weight": 0.0}}}}, "dram": {"All_Weights": {"Bias_Weight": 171.31877941145248, "Categorical_Variables": {}, "Numerical_Variables": {"kubelet_cpu_usage": {"mean": 8.150962512664641, "variance": 98.93654838123571, "weight": 17.743654108617505}, "kubelet_memory_bytes": {"mean": 8688270.86200608, "variance": 2028297671651381.0, "weight": 0.7650066912631416}}}}}