{"platform": {"All_Weights": {"Bias_Weight": 3429.1894268739707, "Categorical_Variables": {}, "Numerical_Variables": {"bpf_block_irq": {"mean": 223780.58970514743, "variance": 4587604565407.282, "weight": -18.892966579577244}, "bpf_cpu_time_us": {"mean": 24722.358820589703, "variance": 50928245536.731476, "weight": 10.888755757788816}, "bpf_net_rx_irq": {"mean": 2.55872063968016, "variance": 8727.219398796353, "weight": -6.237191428331934}, "bpf_net_tx_irq": {"mean": 0.0, "variance": 0.0, "weight": 0.0}}}}}