{"platform": {"All_Weights": {"Bias_Weight": 14.954978958355596, "Categorical_Variables": {}, "Numerical_Variables": {"bpf_block_irq": {"scale": 1.6666666666666667, "weight": 0.0}, "bpf_cpu_time_us": {"scale": 29182.999999999996, "weight": 113.67503349609609}, "bpf_net_rx_irq": {"scale": 483.66666666666663, "weight": 0.0}, "bpf_net_tx_irq": {"scale": 1.0, "weight": 0.0}, "bpf_page_cache_hit": {"scale": 9436.333333333334, "weight": 55.013345547409116}}}}}