{"platform": {"All_Weights": {"Bias_Weight": 33.30952060266477, "Categorical_Variables": {}, "Numerical_Variables": {"bpf_block_irq": {"scale": 1.6666666666666667, "weight": -1.0010202097366487}, "bpf_cpu_time_us": {"scale": 29182.999999999996, "weight": 113.7035133395545}, "bpf_net_rx_irq": {"scale": 483.66666666666663, "weight": -37.23101467445314}, "bpf_net_tx_irq": {"scale": 1.0, "weight": 0.0}, "bpf_page_cache_hit": {"scale": 9436.333333333334, "weight": 57.46443634583513}}}}}