{"package": {"All_Weights": {"Bias_Weight": 385.3773093688923, "Categorical_Variables": {}, "Numerical_Variables": {"bpf_block_irq": {"mean": 136436.61182205973, "variance": 2808929937544.969, "weight": -16.516760513364506}, "bpf_cpu_time_us": {"mean": 18046.36197440585, "variance": 50441797209.982315, "weight": 23.954024407874858}, "bpf_net_rx_irq": {"mean": 1.5600243753808654, "variance": 5322.4495252482375, "weight": 620.9019580347896}, "bpf_net_tx_irq": {"mean": 0.0, "variance": 0.0, "weight": 0.0}}}}, "core": {"All_Weights": {"Bias_Weight": 0.0, "Categorical_Variables": {}, "Numerical_Variables": {"bpf_block_irq": {"mean": 136436.61182205973, "variance": 2808929937544.969, "weight": 0.0}, "bpf_cpu_time_us": {"mean": 18046.36197440585, "variance": 50441797209.982315, "weight": 0.0}, "bpf_net_rx_irq": {"mean": 1.5600243753808654, "variance": 5322.4495252482375, "weight": 0.0}, "bpf_net_tx_irq": {"mean": 0.0, "variance": 0.0, "weight": 0.0}}}}, "uncore": {"All_Weights": {"Bias_Weight": 0.0, "Categorical_Variables": {}, "Numerical_Variables": {"bpf_block_irq": {"mean": 136436.61182205973, "variance": 2808929937544.969, "weight": 0.0}, "bpf_cpu_time_us": {"mean": 18046.36197440585, "variance": 50441797209.982315, "weight": 0.0}, "bpf_net_rx_irq": {"mean": 1.5600243753808654, "variance": 5322.4495252482375, "weight": 0.0}, "bpf_net_tx_irq": {"mean": 0.0, "variance": 0.0, "weight": 0.0}}}}, "dram": {"All_Weights": {"Bias_Weight": 140.0762230596091, "Categorical_Variables": {}, "Numerical_Variables": {"bpf_block_irq": {"mean": 136436.61182205973, "variance": 2808929937544.969, "weight": -6.3732108691653355}, "bpf_cpu_time_us": {"mean": 18046.36197440585, "variance": 50441797209.982315, "weight": 8.761701095213883}, "bpf_net_rx_irq": {"mean": 1.5600243753808654, "variance": 5322.4495252482375, "weight": 29.057789567092993}, "bpf_net_tx_irq": {"mean": 0.0, "variance": 0.0, "weight": 0.0}}}}}