{"platform": {"All_Weights": {"Bias_Weight": 4889.930260055498, "Categorical_Variables": {}, "Numerical_Variables": {"bpf_cpu_time_us": {"mean": 417193.50479072105, "variance": 23137636021052.316, "weight": -51.9690432774354}}}}}