{"platform": {"All_Weights": {"Bias_Weight": 6302.966719793532, "Categorical_Variables": {}, "Numerical_Variables": {"cgroupfs_cpu_usage_us": {"mean": 199447.7877877878, "variance": 9426474078.560682, "weight": -94.15575870271799}, "cgroupfs_memory_usage_bytes": {"mean": 482352.1761761762, "variance": 184856631171.5708, "weight": 36.11407496526378}, "cgroupfs_system_cpu_usage_us": {"mean": 32999.666332999666, "variance": 170948615.17061496, "weight": -54.29917660929642}, "cgroupfs_user_cpu_usage_us": {"mean": 163513.51351351352, "variance": 8318641764.888012, "weight": 34.09433007303097}}}}}