{"platform": {"All_Weights": {"Bias_Weight": 4193.80602562325, "Categorical_Variables": {}, "Numerical_Variables": {"cache_miss": {"scale": 1590590808.9999998, "mean": 0, "variance": 0, "weight": 295.93466740266814}, "cpu_cycles": {"scale": 149704902796.3333, "mean": 0, "variance": 0, "weight": 471.8427905630298}, "cpu_instructions": {"scale": 213346687012.6667, "mean": 0, "variance": 0, "weight": 363.9957713146068}}}}}