{"platform": {"All_Weights": {"Bias_Weight": 3998.3283552777043, "Categorical_Variables": {}, "Numerical_Variables": {"cache_miss": {"scale": 1726446003.6666665, "mean": 0, "variance": 0, "weight": 238.74421220836646}, "cpu_cycles": {"scale": 149306295734.0, "mean": 0, "variance": 0, "weight": 616.1277108945502}, "cpu_instructions": {"scale": 214099185926.3333, "mean": 0, "variance": 0, "weight": 242.202561113211}}}}}