{"platform": {"All_Weights": {"Bias_Weight": 1332.8759422889505, "Categorical_Variables": {}, "Numerical_Variables": {"cache_miss": {"scale": 1726446003.6666665, "mean": 0, "variance": 0, "weight": 77.42866257756786}, "cpu_cycles": {"scale": 149306295734.0, "mean": 0, "variance": 0, "weight": 209.1820357457627}, "cpu_instructions": {"scale": 214099185926.3333, "mean": 0, "variance": 0, "weight": 75.5276633543117}}}}}