{"platform": {"All_Weights": {"Bias_Weight": 1333.1889487176954, "Categorical_Variables": {}, "Numerical_Variables": {"cache_miss": {"scale": 1726446003.6666665, "mean": 0, "variance": 0, "weight": 81.74514916977961}, "cpu_cycles": {"scale": 149306295734.0, "mean": 0, "variance": 0, "weight": 198.52767994694184}, "cpu_instructions": {"scale": 214099185926.3333, "mean": 0, "variance": 0, "weight": 86.64358107413194}}}}}