{"platform": {"All_Weights": {"Bias_Weight": 4190.210299837817, "Categorical_Variables": {}, "Numerical_Variables": {"cache_miss": {"scale": 1590590808.9999998, "mean": 0, "variance": 0, "weight": 249.05420372560818}, "cpu_cycles": {"scale": 149704902796.3333, "mean": 0, "variance": 0, "weight": 529.0485016015941}, "cpu_instructions": {"scale": 213346687012.6667, "mean": 0, "variance": 0, "weight": 315.1275248421439}}}}}