{"platform": {"All_Weights": {"Bias_Weight": 3998.1019361143417, "Categorical_Variables": {}, "Numerical_Variables": {"cache_miss": {"scale": 1726446003.6666665, "mean": 0, "variance": 0, "weight": 256.16505977554476}, "cpu_cycles": {"scale": 149306295734.0, "mean": 0, "variance": 0, "weight": 598.5376677010893}, "cpu_instructions": {"scale": 214099185926.3333, "mean": 0, "variance": 0, "weight": 271.9843837790356}}}}}