{"package": {"All_Weights": {"Bias_Weight": 441.23900197996244, "Categorical_Variables": {}, "Numerical_Variables": {"bpf_block_irq": {"mean": 250859.33304806738, "variance": 1290514743971.1147, "weight": -12.616429006312734}, "bpf_cpu_time_us": {"mean": 604873.8496648126, "variance": 1432722470136.7961, "weight": -4.753402289004524}, "bpf_net_rx_irq": {"mean": 402067.8088717729, "variance": 603840614582.5507, "weight": -17.11756354528149}, "bpf_net_tx_irq": {"mean": 5.477107402652975, "variance": 593.1744034238759, "weight": 3.03755204380276}}}}, "core": {"All_Weights": {"Bias_Weight": 0.0, "Categorical_Variables": {}, "Numerical_Variables": {"bpf_block_irq": {"mean": 250859.33304806738, "variance": 1290514743971.1147, "weight": 0.0}, "bpf_cpu_time_us": {"mean": 604873.8496648126, "variance": 1432722470136.7961, "weight": 0.0}, "bpf_net_rx_irq": {"mean": 402067.8088717729, "variance": 603840614582.5507, "weight": 0.0}, "bpf_net_tx_irq": {"mean": 5.477107402652975, "variance": 593.1744034238759, "weight": 0.0}}}}, "uncore": {"All_Weights": {"Bias_Weight": 0.0, "Categorical_Variables": {}, "Numerical_Variables": {"bpf_block_irq": {"mean": 250859.33304806738, "variance": 1290514743971.1147, "weight": 0.0}, "bpf_cpu_time_us": {"mean": 604873.8496648126, "variance": 1432722470136.7961, "weight": 0.0}, "bpf_net_rx_irq": {"mean": 402067.8088717729, "variance": 603840614582.5507, "weight": 0.0}, "bpf_net_tx_irq": {"mean": 5.477107402652975, "variance": 593.1744034238759, "weight": 0.0}}}}, "dram": {"All_Weights": {"Bias_Weight": 171.48576482404528, "Categorical_Variables": {}, "Numerical_Variables": {"bpf_block_irq": {"mean": 250859.33304806738, "variance": 1290514743971.1147, "weight": -2.560393886044938}, "bpf_cpu_time_us": {"mean": 604873.8496648126, "variance": 1432722470136.7961, "weight": -4.5710732802883385}, "bpf_net_rx_irq": {"mean": 402067.8088717729, "variance": 603840614582.5507, "weight": -1.4421412155669826}, "bpf_net_tx_irq": {"mean": 5.477107402652975, "variance": 593.1744034238759, "weight": 1.8507255764163595}}}}}