{"package": {"All_Weights": {"Bias_Weight": 383.21489219301515, "Categorical_Variables": {}, "Numerical_Variables": {"cgroupfs_cpu_usage_us": {"mean": 199470.03737686138, "variance": 122873224.94652547, "weight": -10.790846206408823}, "cgroupfs_memory_usage_bytes": {"mean": 478779.750927835, "variance": 12549260451.821964, "weight": -6.0599895243707005}, "cgroupfs_system_cpu_usage_us": {"mean": 32994.61626575029, "variance": 2949684.6465624594, "weight": -1.2641553149927618}, "cgroupfs_user_cpu_usage_us": {"mean": 163506.30011454754, "variance": 113795181.13075344, "weight": 1.6639034885407296}}}}, "core": {"All_Weights": {"Bias_Weight": 0.0, "Categorical_Variables": {}, "Numerical_Variables": {"cgroupfs_cpu_usage_us": {"mean": 199470.03737686138, "variance": 122873224.94652547, "weight": 0.0}, "cgroupfs_memory_usage_bytes": {"mean": 478779.750927835, "variance": 12549260451.821964, "weight": 0.0}, "cgroupfs_system_cpu_usage_us": {"mean": 32994.61626575029, "variance": 2949684.6465624594, "weight": 0.0}, "cgroupfs_user_cpu_usage_us": {"mean": 163506.30011454754, "variance": 113795181.13075344, "weight": 0.0}}}}, "uncore": {"All_Weights": {"Bias_Weight": 0.0, "Categorical_Variables": {}, "Numerical_Variables": {"cgroupfs_cpu_usage_us": {"mean": 199470.03737686138, "variance": 122873224.94652547, "weight": 0.0}, "cgroupfs_memory_usage_bytes": {"mean": 478779.750927835, "variance": 12549260451.821964, "weight": 0.0}, "cgroupfs_system_cpu_usage_us": {"mean": 32994.61626575029, "variance": 2949684.6465624594, "weight": 0.0}, "cgroupfs_user_cpu_usage_us": {"mean": 163506.30011454754, "variance": 113795181.13075344, "weight": 0.0}}}}, "dram": {"All_Weights": {"Bias_Weight": 156.89738364668105, "Categorical_Variables": {}, "Numerical_Variables": {"cgroupfs_cpu_usage_us": {"mean": 199470.03737686138, "variance": 122873224.94652547, "weight": -0.29008287334697747}, "cgroupfs_memory_usage_bytes": {"mean": 478779.750927835, "variance": 12549260451.821964, "weight": 0.5576565833339161}, "cgroupfs_system_cpu_usage_us": {"mean": 32994.61626575029, "variance": 2949684.6465624594, "weight": 0.21555071657822503}, "cgroupfs_user_cpu_usage_us": {"mean": 163506.30011454754, "variance": 113795181.13075344, "weight": 0.016369714232551704}}}}}