{"package": {"All_Weights": {"Bias_Weight": 22.578949899925846, "Categorical_Variables": {}, "Numerical_Variables": {"bpf_block_irq": {"scale": 3.3333333333333335, "mean": 0, "variance": 0, "weight": 0.7866478477382526}, "bpf_net_rx_irq": {"scale": 122.33333333333333, "mean": 0, "variance": 0, "weight": 0.0}, "bpf_net_tx_irq": {"scale": 0.6666666666666666, "mean": 0, "variance": 0, "weight": 0.0}, "cache_miss": {"scale": 1721389657.0, "mean": 0, "variance": 0, "weight": 39.85660362907097}, "cpu_cycles": {"scale": 148099636063.0, "mean": 0, "variance": 0, "weight": 239.74477049187036}, "cpu_instructions": {"scale": 213934713999.66666, "mean": 0, "variance": 0, "weight": 86.28499091458603}}}}, "core": {"All_Weights": {"Bias_Weight": 0.0, "Categorical_Variables": {}, "Numerical_Variables": {"bpf_block_irq": {"scale": 3.3333333333333335, "mean": 0, "variance": 0, "weight": 0.0}, "bpf_net_rx_irq": {"scale": 122.33333333333333, "mean": 0, "variance": 0, "weight": 0.0}, "bpf_net_tx_irq": {"scale": 0.6666666666666666, "mean": 0, "variance": 0, "weight": 0.0}, "cache_miss": {"scale": 1721389657.0, "mean": 0, "variance": 0, "weight": 0.0}, "cpu_cycles": {"scale": 148099636063.0, "mean": 0, "variance": 0, "weight": 0.0}, "cpu_instructions": {"scale": 213934713999.66666, "mean": 0, "variance": 0, "weight": 0.0}}}}, "uncore": {"All_Weights": {"Bias_Weight": 0.0, "Categorical_Variables": {}, "Numerical_Variables": {"bpf_block_irq": {"scale": 3.3333333333333335, "mean": 0, "variance": 0, "weight": 0.0}, "bpf_net_rx_irq": {"scale": 122.33333333333333, "mean": 0, "variance": 0, "weight": 0.0}, "bpf_net_tx_irq": {"scale": 0.6666666666666666, "mean": 0, "variance": 0, "weight": 0.0}, "cache_miss": {"scale": 1721389657.0, "mean": 0, "variance": 0, "weight": 0.0}, "cpu_cycles": {"scale": 148099636063.0, "mean": 0, "variance": 0, "weight": 0.0}, "cpu_instructions": {"scale": 213934713999.66666, "mean": 0, "variance": 0, "weight": 0.0}}}}, "dram": {"All_Weights": {"Bias_Weight": 0.787765408547136, "Categorical_Variables": {}, "Numerical_Variables": {"bpf_block_irq": {"scale": 3.3333333333333335, "mean": 0, "variance": 0, "weight": 0.288975247622371}, "bpf_net_rx_irq": {"scale": 122.33333333333333, "mean": 0, "variance": 0, "weight": 0.0}, "bpf_net_tx_irq": {"scale": 0.6666666666666666, "mean": 0, "variance": 0, "weight": 0.013353665949202322}, "cache_miss": {"scale": 1721389657.0, "mean": 0, "variance": 0, "weight": 57.06104899442716}, "cpu_cycles": {"scale": 148099636063.0, "mean": 0, "variance": 0, "weight": 4.759149245966474}, "cpu_instructions": {"scale": 213934713999.66666, "mean": 0, "variance": 0, "weight": 0.0}}}}}