{"package": {"All_Weights": {"Bias_Weight": 85.97902381256183, "Categorical_Variables": {}, "Numerical_Variables": {"bpf_block_irq": {"scale": 73.33333333333333, "mean": 0, "variance": 0, "weight": 7.455118958281618}, "bpf_net_rx_irq": {"scale": 9830.0, "mean": 0, "variance": 0, "weight": -3.1253113170654037}, "bpf_net_tx_irq": {"scale": 1.6666666666666667, "mean": 0, "variance": 0, "weight": -25.446814774894204}, "cache_miss": {"scale": 1590590809.0, "mean": 0, "variance": 0, "weight": 175.36769664240367}, "cpu_cycles": {"scale": 149704902796.3333, "mean": 0, "variance": 0, "weight": 650.1612142129353}, "cpu_instructions": {"scale": 213346687012.6667, "mean": 0, "variance": 0, "weight": 322.2393592367629}}}}, "core": {"All_Weights": {"Bias_Weight": 0.0, "Categorical_Variables": {}, "Numerical_Variables": {"bpf_block_irq": {"scale": 73.33333333333333, "mean": 0, "variance": 0, "weight": 0.0}, "bpf_net_rx_irq": {"scale": 9830.0, "mean": 0, "variance": 0, "weight": 0.0}, "bpf_net_tx_irq": {"scale": 1.6666666666666667, "mean": 0, "variance": 0, "weight": 0.0}, "cache_miss": {"scale": 1590590809.0, "mean": 0, "variance": 0, "weight": 0.0}, "cpu_cycles": {"scale": 149704902796.3333, "mean": 0, "variance": 0, "weight": 0.0}, "cpu_instructions": {"scale": 213346687012.6667, "mean": 0, "variance": 0, "weight": 0.0}}}}, "uncore": {"All_Weights": {"Bias_Weight": 0.0, "Categorical_Variables": {}, "Numerical_Variables": {"bpf_block_irq": {"scale": 73.33333333333333, "mean": 0, "variance": 0, "weight": 0.0}, "bpf_net_rx_irq": {"scale": 9830.0, "mean": 0, "variance": 0, "weight": 0.0}, "bpf_net_tx_irq": {"scale": 1.6666666666666667, "mean": 0, "variance": 0, "weight": 0.0}, "cache_miss": {"scale": 1590590809.0, "mean": 0, "variance": 0, "weight": 0.0}, "cpu_cycles": {"scale": 149704902796.3333, "mean": 0, "variance": 0, "weight": 0.0}, "cpu_instructions": {"scale": 213346687012.6667, "mean": 0, "variance": 0, "weight": 0.0}}}}, "dram": {"All_Weights": {"Bias_Weight": 3.1863572754663503, "Categorical_Variables": {}, "Numerical_Variables": {"bpf_block_irq": {"scale": 73.33333333333333, "mean": 0, "variance": 0, "weight": 0.526996000150935}, "bpf_net_rx_irq": {"scale": 9830.0, "mean": 0, "variance": 0, "weight": -0.14851372647968925}, "bpf_net_tx_irq": {"scale": 1.6666666666666667, "mean": 0, "variance": 0, "weight": -1.569755779270118}, "cache_miss": {"scale": 1590590809.0, "mean": 0, "variance": 0, "weight": 163.20323522484446}, "cpu_cycles": {"scale": 149704902796.3333, "mean": 0, "variance": 0, "weight": 31.76005890700105}, "cpu_instructions": {"scale": 213346687012.6667, "mean": 0, "variance": 0, "weight": -34.06480799040518}}}}}