{"platform": {"All_Weights": {"Bias_Weight": 6237.316929730051, "Categorical_Variables": {}, "Numerical_Variables": {"cgroupfs_cpu_usage_us": {"mean": 199470.03737686138, "variance": 122873224.94652547, "weight": -1295.3271067892363}, "cgroupfs_memory_usage_bytes": {"mean": 478779.750927835, "variance": 12549260451.821964, "weight": 61.46645346621467}, "cgroupfs_system_cpu_usage_us": {"mean": 32994.61626575029, "variance": 2949684.6465624594, "weight": -25.288515356391787}, "cgroupfs_user_cpu_usage_us": {"mean": 163506.30011454754, "variance": 113795181.13075344, "weight": 1005.6816509571103}}}}}