{"platform": {"All_Weights": {"Bias_Weight": 6213.12036182696, "Categorical_Variables": {}, "Numerical_Variables": {"bpf_cpu_time_us": {"mean": 102513.66048109967, "variance": 25008945059.24368, "weight": 236.881128816156}}}}}