{"platform": {"All_Weights": {"Bias_Weight": 6280.561213550505, "Categorical_Variables": {}, "Numerical_Variables": {"bpf_cpu_time_us": {"mean": 100411.45145145144, "variance": 812219796422.7513, "weight": 26.964433747857328}}}}}