{"platform": {"All_Weights": {"Bias_Weight": 6023.197116032231, "Categorical_Variables": {}, "Numerical_Variables": {"bpf_block_irq": {"mean": 4.529794431433776, "variance": 2465.4795167790908, "weight": 38.86032261045009}, "bpf_cpu_time_us": {"mean": 2473.800676554775, "variance": 944573057.8887403, "weight": -207.683407581999}, "bpf_net_rx_irq": {"mean": 3345.9193338537593, "variance": 2128897719.3774228, "weight": 326.68298289328067}, "bpf_net_tx_irq": {"mean": 0.13322924798334634, "variance": 15.140777738031433, "weight": 74.31839906897288}}}}}