{"platform": {"All_Weights": {"Bias_Weight": 14.690989407709907, "Categorical_Variables": {}, "Numerical_Variables": {"bpf_cpu_time_us": {"scale": 29182.999999999996, "weight": 114.50940711018909}, "bpf_page_cache_hit": {"scale": 9436.333333333334, "weight": 56.75531707135547}}}}}