{"platform": {"All_Weights": {"Bias_Weight": 15.17080441753594, "Categorical_Variables": {}, "Numerical_Variables": {"bpf_cpu_time_us": {"scale": 29182.999999999996, "weight": 114.51095880494177}, "bpf_page_cache_hit": {"scale": 9436.333333333334, "weight": 52.540993753426214}}}}}