{"package": {"All_Weights": {"Bias_Weight": 378.6641592947773, "Categorical_Variables": {}, "Numerical_Variables": {"kubelet_cpu_usage": {"mean": 2.7841174507841173, "variance": 4.773214544763872, "weight": 26.709548439287357}, "kubelet_memory_bytes": {"mean": 11109562.896229563, "variance": 6570417164165793.0, "weight": 10.472189671707651}}}}, "core": {"All_Weights": {"Bias_Weight": 0.0, "Categorical_Variables": {}, "Numerical_Variables": {"kubelet_cpu_usage": {"mean": 2.7841174507841173, "variance": 4.773214544763872, "weight": 0.0}, "kubelet_memory_bytes": {"mean": 11109562.896229563, "variance": 6570417164165793.0, "weight": 0.0}}}}, "uncore": {"All_Weights": {"Bias_Weight": 0.0, "Categorical_Variables": {}, "Numerical_Variables": {"kubelet_cpu_usage": {"mean": 2.7841174507841173, "variance": 4.773214544763872, "weight": 0.0}, "kubelet_memory_bytes": {"mean": 11109562.896229563, "variance": 6570417164165793.0, "weight": 0.0}}}}, "dram": {"All_Weights": {"Bias_Weight": 159.09364913152618, "Categorical_Variables": {}, "Numerical_Variables": {"kubelet_cpu_usage": {"mean": 2.7841174507841173, "variance": 4.773214544763872, "weight": 5.585840111987345}, "kubelet_memory_bytes": {"mean": 11109562.896229563, "variance": 6570417164165793.0, "weight": 1.3079002979910401}}}}}