{"platform": {"All_Weights": {"Bias_Weight": 4501.5410894519955, "Categorical_Variables": {}, "Numerical_Variables": {"bpf_block_irq": {"mean": 136436.61182205973, "variance": 2808929937544.969, "weight": 59.868874457040924}, "bpf_cpu_time_us": {"mean": 18046.36197440585, "variance": 50441797209.982315, "weight": 1990.1395402890053}, "bpf_net_rx_irq": {"mean": 1.5600243753808654, "variance": 5322.4495252482375, "weight": 4084.720961423939}, "bpf_net_tx_irq": {"mean": 0.0, "variance": 0.0, "weight": 0.0}}}}}