{"platform": {"All_Weights": {"Bias_Weight": 4066.369354742095, "Categorical_Variables": {}, "Numerical_Variables": {"bpf_cpu_time_us": {"mean": 604873.8496648126, "variance": 1432722470136.7961, "weight": -22.639455114175924}}}}}