{"package": {"All_Weights": {"Bias_Weight": 398.91901698125037, "Categorical_Variables": {}, "Numerical_Variables": {"cgroupfs_cpu_usage_us": {"mean": 482.9983341662502, "variance": 3650156.589693118, "weight": -3.8616028320020046}, "cgroupfs_memory_usage_bytes": {"mean": 1467.0680659670165, "variance": 46831502.344455436, "weight": -7.488286277503752}, "cgroupfs_system_cpu_usage_us": {"mean": 82.20889555222388, "variance": 92590.17140327611, "weight": 31.878665772881334}, "cgroupfs_user_cpu_usage_us": {"mean": 396.4684324504414, "variance": 2614112.317487766, "weight": -11.091063701941652}}}}, "core": {"All_Weights": {"Bias_Weight": 0.0, "Categorical_Variables": {}, "Numerical_Variables": {"cgroupfs_cpu_usage_us": {"mean": 482.9983341662502, "variance": 3650156.589693118, "weight": 0.0}, "cgroupfs_memory_usage_bytes": {"mean": 1467.0680659670165, "variance": 46831502.344455436, "weight": 0.0}, "cgroupfs_system_cpu_usage_us": {"mean": 82.20889555222388, "variance": 92590.17140327611, "weight": 0.0}, "cgroupfs_user_cpu_usage_us": {"mean": 396.4684324504414, "variance": 2614112.317487766, "weight": 0.0}}}}, "uncore": {"All_Weights": {"Bias_Weight": 0.0, "Categorical_Variables": {}, "Numerical_Variables": {"cgroupfs_cpu_usage_us": {"mean": 482.9983341662502, "variance": 3650156.589693118, "weight": 0.0}, "cgroupfs_memory_usage_bytes": {"mean": 1467.0680659670165, "variance": 46831502.344455436, "weight": 0.0}, "cgroupfs_system_cpu_usage_us": {"mean": 82.20889555222388, "variance": 92590.17140327611, "weight": 0.0}, "cgroupfs_user_cpu_usage_us": {"mean": 396.4684324504414, "variance": 2614112.317487766, "weight": 0.0}}}}, "dram": {"All_Weights": {"Bias_Weight": 145.68583803603136, "Categorical_Variables": {}, "Numerical_Variables": {"cgroupfs_cpu_usage_us": {"mean": 482.9983341662502, "variance": 3650156.589693118, "weight": -0.6506167702346839}, "cgroupfs_memory_usage_bytes": {"mean": 1467.0680659670165, "variance": 46831502.344455436, "weight": -1.0358431963214179}, "cgroupfs_system_cpu_usage_us": {"mean": 82.20889555222388, "variance": 92590.17140327611, "weight": -3.129198973094169}, "cgroupfs_user_cpu_usage_us": {"mean": 396.4684324504414, "variance": 2614112.317487766, "weight": 0.41373821876577116}}}}}