{"package": {"All_Weights": {"Bias_Weight": 419.5461045960336, "Categorical_Variables": {}, "Numerical_Variables": {"bpf_block_irq": {"mean": 148943.45940494203, "variance": 4725134461437.083, "weight": -6.670643677097699}, "bpf_cpu_time_us": {"mean": 417193.50479072105, "variance": 23137636021052.316, "weight": 0.3751902905322976}, "bpf_net_rx_irq": {"mean": 308457.4079677257, "variance": 14275455788424.076, "weight": -0.8884920654201993}, "bpf_net_tx_irq": {"mean": 5.1638930912758445, "variance": 17599.42262636342, "weight": 0.2925609612641366}}}}, "core": {"All_Weights": {"Bias_Weight": 0.0, "Categorical_Variables": {}, "Numerical_Variables": {"bpf_block_irq": {"mean": 148943.45940494203, "variance": 4725134461437.083, "weight": 0.0}, "bpf_cpu_time_us": {"mean": 417193.50479072105, "variance": 23137636021052.316, "weight": 0.0}, "bpf_net_rx_irq": {"mean": 308457.4079677257, "variance": 14275455788424.076, "weight": 0.0}, "bpf_net_tx_irq": {"mean": 5.1638930912758445, "variance": 17599.42262636342, "weight": 0.0}}}}, "uncore": {"All_Weights": {"Bias_Weight": 0.0, "Categorical_Variables": {}, "Numerical_Variables": {"bpf_block_irq": {"mean": 148943.45940494203, "variance": 4725134461437.083, "weight": 0.0}, "bpf_cpu_time_us": {"mean": 417193.50479072105, "variance": 23137636021052.316, "weight": 0.0}, "bpf_net_rx_irq": {"mean": 308457.4079677257, "variance": 14275455788424.076, "weight": 0.0}, "bpf_net_tx_irq": {"mean": 5.1638930912758445, "variance": 17599.42262636342, "weight": 0.0}}}}, "dram": {"All_Weights": {"Bias_Weight": 165.88150987143823, "Categorical_Variables": {}, "Numerical_Variables": {"bpf_block_irq": {"mean": 148943.45940494203, "variance": 4725134461437.083, "weight": -0.3555500580873416}, "bpf_cpu_time_us": {"mean": 417193.50479072105, "variance": 23137636021052.316, "weight": -0.07504199847360529}, "bpf_net_rx_irq": {"mean": 308457.4079677257, "variance": 14275455788424.076, "weight": -0.526761667963368}, "bpf_net_tx_irq": {"mean": 5.1638930912758445, "variance": 17599.42262636342, "weight": -0.21955474418309187}}}}}