{"platform": {"All_Weights": {"Bias_Weight": 3430.4291548341193, "Categorical_Variables": {}, "Numerical_Variables": {"cgroupfs_cpu_usage_us": {"mean": 482.9983341662502, "variance": 3650156.589693118, "weight": -3.422981348104434}, "cgroupfs_memory_usage_bytes": {"mean": 1467.0680659670165, "variance": 46831502.344455436, "weight": -5.08147702049188}, "cgroupfs_system_cpu_usage_us": {"mean": 82.20889555222388, "variance": 92590.17140327611, "weight": 17.239545371888983}, "cgroupfs_user_cpu_usage_us": {"mean": 396.4684324504414, "variance": 2614112.317487766, "weight": -15.191764021073528}}}}}