{"platform": {"All_Weights": {"Bias_Weight": 6222.450235306597, "Categorical_Variables": {}, "Numerical_Variables": {"kubelet_cpu_usage": {"mean": 2.7299885452462767, "variance": 3.561688952395198, "weight": 2043.6793221104501}, "kubelet_memory_bytes": {"mean": 11294566.998213058, "variance": 726040312564912.4, "weight": -297.8872417175946}}}}}