{"platform": {"All_Weights": {"Bias_Weight": 6212.746564120056, "Categorical_Variables": {}, "Numerical_Variables": {"bpf_block_irq": {"mean": 182.9828178694158, "variance": 134807.26367321017, "weight": 334.26427933794076}, "bpf_cpu_time_us": {"mean": 102513.66048109967, "variance": 25008945059.24368, "weight": -478.3836358734417}, "bpf_net_rx_irq": {"mean": 125337.48270332188, "variance": 62626340409.187935, "weight": 691.3079180321881}, "bpf_net_tx_irq": {"mean": 3.5189003436426125, "variance": 387.99000169262683, "weight": 520.1248852046564}}}}}