{"package": {"All_Weights": {"Bias_Weight": 383.58882208486364, "Categorical_Variables": {}, "Numerical_Variables": {"bpf_block_irq": {"mean": 182.9828178694158, "variance": 134807.26367321017, "weight": 5.309170149971334}, "bpf_cpu_time_us": {"mean": 102513.66048109967, "variance": 25008945059.24368, "weight": -12.169521031663502}, "bpf_net_rx_irq": {"mean": 125337.48270332188, "variance": 62626340409.187935, "weight": 14.148983056465141}, "bpf_net_tx_irq": {"mean": 3.5189003436426125, "variance": 387.99000169262683, "weight": 7.838232129597005}}}}, "core": {"All_Weights": {"Bias_Weight": 0.0, "Categorical_Variables": {}, "Numerical_Variables": {"bpf_block_irq": {"mean": 182.9828178694158, "variance": 134807.26367321017, "weight": 0.0}, "bpf_cpu_time_us": {"mean": 102513.66048109967, "variance": 25008945059.24368, "weight": 0.0}, "bpf_net_rx_irq": {"mean": 125337.48270332188, "variance": 62626340409.187935, "weight": 0.0}, "bpf_net_tx_irq": {"mean": 3.5189003436426125, "variance": 387.99000169262683, "weight": 0.0}}}}, "uncore": {"All_Weights": {"Bias_Weight": 0.0, "Categorical_Variables": {}, "Numerical_Variables": {"bpf_block_irq": {"mean": 182.9828178694158, "variance": 134807.26367321017, "weight": 0.0}, "bpf_cpu_time_us": {"mean": 102513.66048109967, "variance": 25008945059.24368, "weight": 0.0}, "bpf_net_rx_irq": {"mean": 125337.48270332188, "variance": 62626340409.187935, "weight": 0.0}, "bpf_net_tx_irq": {"mean": 3.5189003436426125, "variance": 387.99000169262683, "weight": 0.0}}}}, "dram": {"All_Weights": {"Bias_Weight": 156.90219125250528, "Categorical_Variables": {}, "Numerical_Variables": {"bpf_block_irq": {"mean": 182.9828178694158, "variance": 134807.26367321017, "weight": -0.1119875102055305}, "bpf_cpu_time_us": {"mean": 102513.66048109967, "variance": 25008945059.24368, "weight": -0.17416603379129397}, "bpf_net_rx_irq": {"mean": 125337.48270332188, "variance": 62626340409.187935, "weight": 0.03809745444621009}, "bpf_net_tx_irq": {"mean": 3.5189003436426125, "variance": 387.99000169262683, "weight": -0.08155794376664588}}}}}