{"platform": {"All_Weights": {"Bias_Weight": 234.9226376444253, "Categorical_Variables": {}, "Numerical_Variables": {"bpf_block_irq": {"scale": 1.6666666666666667, "weight": -1.6427868004824677}, "bpf_cpu_time_us": {"scale": 29182.999999999996, "weight": 115.69336096379857}, "bpf_net_rx_irq": {"scale": 483.66666666666663, "weight": -37.94515720829086}, "bpf_net_tx_irq": {"scale": 1.0, "weight": 0.0}, "bpf_page_cache_hit": {"scale": 9436.333333333334, "weight": 57.77820209253336}}}}}