{"platform": {"All_Weights": {"Bias_Weight": 6080.1894649738415, "Categorical_Variables": {}, "Numerical_Variables": {"bpf_cpu_time_us": {"mean": 7618.048399687744, "variance": 49503566191.24723, "weight": 70.12841621996404}}}}}