{"platform": {"All_Weights": {"Bias_Weight": 4437.274903999709, "Categorical_Variables": {}, "Numerical_Variables": {"kubelet_cpu_usage": {"mean": 6.450792199878124, "variance": 77.73254710754023, "weight": -172.67748741832102}, "kubelet_memory_bytes": {"mean": 8342362.637416208, "variance": 4511478508754910.0, "weight": -92.81310874863874}}}}}