{"package": {"All_Weights": {"Bias_Weight": 400.78985526304996, "Categorical_Variables": {}, "Numerical_Variables": {"kubelet_cpu_usage": {"mean": 9.057721139430285, "variance": 107.16799927122895, "weight": 121.49510947493243}, "kubelet_memory_bytes": {"mean": 7403537.399300351, "variance": 2491144270042342.0, "weight": 2.681079083393908}}}}, "core": {"All_Weights": {"Bias_Weight": 0.0, "Categorical_Variables": {}, "Numerical_Variables": {"kubelet_cpu_usage": {"mean": 9.057721139430285, "variance": 107.16799927122895, "weight": 0.0}, "kubelet_memory_bytes": {"mean": 7403537.399300351, "variance": 2491144270042342.0, "weight": 0.0}}}}, "uncore": {"All_Weights": {"Bias_Weight": 0.0, "Categorical_Variables": {}, "Numerical_Variables": {"kubelet_cpu_usage": {"mean": 9.057721139430285, "variance": 107.16799927122895, "weight": 0.0}, "kubelet_memory_bytes": {"mean": 7403537.399300351, "variance": 2491144270042342.0, "weight": 0.0}}}}, "dram": {"All_Weights": {"Bias_Weight": 145.6254543771451, "Categorical_Variables": {}, "Numerical_Variables": {"kubelet_cpu_usage": {"mean": 9.057721139430285, "variance": 107.16799927122895, "weight": 18.15330796190209}, "kubelet_memory_bytes": {"mean": 7403537.399300351, "variance": 2491144270042342.0, "weight": 0.8481407093377303}}}}}