{"package": {"All_Weights": {"Bias_Weight": 402.0589122284782, "Categorical_Variables": {}, "Numerical_Variables": {"bpf_cpu_time_us": {"mean": 4396.734965850408, "variance": 2355541161.2033987, "weight": -3.2583716595569987}}}}, "core": {"All_Weights": {"Bias_Weight": 0.0, "Categorical_Variables": {}, "Numerical_Variables": {"bpf_cpu_time_us": {"mean": 4396.734965850408, "variance": 2355541161.2033987, "weight": 0.0}}}}, "uncore": {"All_Weights": {"Bias_Weight": 0.0, "Categorical_Variables": {}, "Numerical_Variables": {"bpf_cpu_time_us": {"mean": 4396.734965850408, "variance": 2355541161.2033987, "weight": 0.0}}}}, "dram": {"All_Weights": {"Bias_Weight": 145.90129499107627, "Categorical_Variables": {}, "Numerical_Variables": {"bpf_cpu_time_us": {"mean": 4396.734965850408, "variance": 2355541161.2033987, "weight": -1.5329629679568209}}}}}