{"package": {"All_Weights": {"Bias_Weight": -5284138972.820298, "Categorical_Variables": {}, "Numerical_Variables": {"bpf_block_irq": {"mean": 194.75475475475477, "variance": 4545435.817398981, "weight": -190256610890.6624}, "bpf_cpu_time_us": {"mean": 100411.45145145144, "variance": 812219796422.7513, "weight": 19497280863.052025}, "bpf_net_rx_irq": {"mean": 129566.57991324658, "variance": 1890569901205.6882, "weight": -22412560802.11169}, "bpf_net_tx_irq": {"mean": 3.4167500834167503, "variance": 11650.83277026331, "weight": 7497965854.981913}}}}, "core": {"All_Weights": {"Bias_Weight": 0.0, "Categorical_Variables": {}, "Numerical_Variables": {"bpf_block_irq": {"mean": 194.75475475475477, "variance": 4545435.817398981, "weight": 0.0}, "bpf_cpu_time_us": {"mean": 100411.45145145144, "variance": 812219796422.7513, "weight": 0.0}, "bpf_net_rx_irq": {"mean": 129566.57991324658, "variance": 1890569901205.6882, "weight": 0.0}, "bpf_net_tx_irq": {"mean": 3.4167500834167503, "variance": 11650.83277026331, "weight": 0.0}}}}, "uncore": {"All_Weights": {"Bias_Weight": 0.0, "Categorical_Variables": {}, "Numerical_Variables": {"bpf_block_irq": {"mean": 194.75475475475477, "variance": 4545435.817398981, "weight": 0.0}, "bpf_cpu_time_us": {"mean": 100411.45145145144, "variance": 812219796422.7513, "weight": 0.0}, "bpf_net_rx_irq": {"mean": 129566.57991324658, "variance": 1890569901205.6882, "weight": 0.0}, "bpf_net_tx_irq": {"mean": 3.4167500834167503, "variance": 11650.83277026331, "weight": 0.0}}}}, "dram": {"All_Weights": {"Bias_Weight": -1768653456.093813, "Categorical_Variables": {}, "Numerical_Variables": {"bpf_block_irq": {"mean": 194.75475475475477, "variance": 4545435.817398981, "weight": -119442317746.55966}, "bpf_cpu_time_us": {"mean": 100411.45145145144, "variance": 812219796422.7513, "weight": 3348280999.444841}, "bpf_net_rx_irq": {"mean": 129566.57991324658, "variance": 1890569901205.6882, "weight": 45763998251.331825}, "bpf_net_tx_irq": {"mean": 3.4167500834167503, "variance": 11650.83277026331, "weight": -8064844919.409397}}}}}