{"package": {"All_Weights": {"Bias_Weight": 417.890374815274, "Categorical_Variables": {}, "Numerical_Variables": {"bpf_cpu_time_us": {"mean": 417193.50479072105, "variance": 23137636021052.316, "weight": 0.42259199329832803}}}}, "core": {"All_Weights": {"Bias_Weight": 0.0, "Categorical_Variables": {}, "Numerical_Variables": {"bpf_cpu_time_us": {"mean": 417193.50479072105, "variance": 23137636021052.316, "weight": 0.0}}}}, "uncore": {"All_Weights": {"Bias_Weight": 0.0, "Categorical_Variables": {}, "Numerical_Variables": {"bpf_cpu_time_us": {"mean": 417193.50479072105, "variance": 23137636021052.316, "weight": 0.0}}}}, "dram": {"All_Weights": {"Bias_Weight": 165.82570270408922, "Categorical_Variables": {}, "Numerical_Variables": {"bpf_cpu_time_us": {"mean": 417193.50479072105, "variance": 23137636021052.316, "weight": -0.5493906668815781}}}}}