{"platform": {"All_Weights": {"Bias_Weight": 5997.534244824671, "Categorical_Variables": {}, "Numerical_Variables": {"cgroupfs_cpu_usage_us": {"mean": 6579.3267239136085, "variance": 10716927.002656464, "weight": -240.20356884216926}, "cgroupfs_memory_usage_bytes": {"mean": 15296.849336455893, "variance": 188598539.42114127, "weight": 148.64301641446383}, "cgroupfs_system_cpu_usage_us": {"mean": 1089.2531876138435, "variance": 193236.6325450622, "weight": 32.10101567505718}, "cgroupfs_user_cpu_usage_us": {"mean": 5375.618006765548, "variance": 9411098.350973066, "weight": 191.5970468519673}}}}}