{"package": {"All_Weights": {"Bias_Weight": 330.46738666016154, "Categorical_Variables": {}, "Numerical_Variables": {"bpf_cpu_time_us": {"mean": 2473.800676554775, "variance": 944573057.8887403, "weight": 1.449180617155998}}}}, "core": {"All_Weights": {"Bias_Weight": 0.0, "Categorical_Variables": {}, "Numerical_Variables": {"bpf_cpu_time_us": {"mean": 2473.800676554775, "variance": 944573057.8887403, "weight": 0.0}}}}, "uncore": {"All_Weights": {"Bias_Weight": 0.0, "Categorical_Variables": {}, "Numerical_Variables": {"bpf_cpu_time_us": {"mean": 2473.800676554775, "variance": 944573057.8887403, "weight": 0.0}}}}, "dram": {"All_Weights": {"Bias_Weight": 128.74167798341205, "Categorical_Variables": {}, "Numerical_Variables": {"bpf_cpu_time_us": {"mean": 2473.800676554775, "variance": 944573057.8887403, "weight": 0.2458641039397216}}}}}