{"package": {"All_Weights": {"Bias_Weight": 441.6427784537342, "Categorical_Variables": {}, "Numerical_Variables": {"cgroupfs_cpu_usage_us": {"mean": 208429.05849379546, "variance": 360066322.0198227, "weight": -69.06011933589461}, "cgroupfs_memory_usage_bytes": {"mean": 538695.1293681358, "variance": 11156261522.970177, "weight": -4.182092723573013}, "cgroupfs_system_cpu_usage_us": {"mean": 33898.659249750395, "variance": 5970656.849910915, "weight": 11.464032322090501}, "cgroupfs_user_cpu_usage_us": {"mean": 171717.08743403223, "variance": 307144282.57703966, "weight": -22.670378308456492}}}}, "core": {"All_Weights": {"Bias_Weight": 0.0, "Categorical_Variables": {}, "Numerical_Variables": {"cgroupfs_cpu_usage_us": {"mean": 208429.05849379546, "variance": 360066322.0198227, "weight": 0.0}, "cgroupfs_memory_usage_bytes": {"mean": 538695.1293681358, "variance": 11156261522.970177, "weight": 0.0}, "cgroupfs_system_cpu_usage_us": {"mean": 33898.659249750395, "variance": 5970656.849910915, "weight": 0.0}, "cgroupfs_user_cpu_usage_us": {"mean": 171717.08743403223, "variance": 307144282.57703966, "weight": 0.0}}}}, "uncore": {"All_Weights": {"Bias_Weight": 0.0, "Categorical_Variables": {}, "Numerical_Variables": {"cgroupfs_cpu_usage_us": {"mean": 208429.05849379546, "variance": 360066322.0198227, "weight": 0.0}, "cgroupfs_memory_usage_bytes": {"mean": 538695.1293681358, "variance": 11156261522.970177, "weight": 0.0}, "cgroupfs_system_cpu_usage_us": {"mean": 33898.659249750395, "variance": 5970656.849910915, "weight": 0.0}, "cgroupfs_user_cpu_usage_us": {"mean": 171717.08743403223, "variance": 307144282.57703966, "weight": 0.0}}}}, "dram": {"All_Weights": {"Bias_Weight": 171.90982922902313, "Categorical_Variables": {}, "Numerical_Variables": {"cgroupfs_cpu_usage_us": {"mean": 208429.05849379546, "variance": 360066322.0198227, "weight": -5.95295896829394}, "cgroupfs_memory_usage_bytes": {"mean": 538695.1293681358, "variance": 11156261522.970177, "weight": -3.0940714562396696}, "cgroupfs_system_cpu_usage_us": {"mean": 33898.659249750395, "variance": 5970656.849910915, "weight": 3.3070406697865984}, "cgroupfs_user_cpu_usage_us": {"mean": 171717.08743403223, "variance": 307144282.57703966, "weight": -6.20346398395689}}}}}