{"package": {"All_Weights": {"Bias_Weight": 373.04788829904805, "Categorical_Variables": {}, "Numerical_Variables": {"kubelet_cpu_usage": {"mean": 6.450792199878124, "variance": 77.73254710754023, "weight": 102.52868799868565}, "kubelet_memory_bytes": {"mean": 8342362.637416208, "variance": 4511478508754910.0, "weight": 0.37598874598033893}}}}, "core": {"All_Weights": {"Bias_Weight": 0.0, "Categorical_Variables": {}, "Numerical_Variables": {"kubelet_cpu_usage": {"mean": 6.450792199878124, "variance": 77.73254710754023, "weight": 0.0}, "kubelet_memory_bytes": {"mean": 8342362.637416208, "variance": 4511478508754910.0, "weight": 0.0}}}}, "uncore": {"All_Weights": {"Bias_Weight": 0.0, "Categorical_Variables": {}, "Numerical_Variables": {"kubelet_cpu_usage": {"mean": 6.450792199878124, "variance": 77.73254710754023, "weight": 0.0}, "kubelet_memory_bytes": {"mean": 8342362.637416208, "variance": 4511478508754910.0, "weight": 0.0}}}}, "dram": {"All_Weights": {"Bias_Weight": 139.1517875675651, "Categorical_Variables": {}, "Numerical_Variables": {"kubelet_cpu_usage": {"mean": 6.450792199878124, "variance": 77.73254710754023, "weight": 15.912412522821631}, "kubelet_memory_bytes": {"mean": 8342362.637416208, "variance": 4511478508754910.0, "weight": 0.45371469654845786}}}}}