{"platform": {"All_Weights": {"Bias_Weight": 4339.545565949021, "Categorical_Variables": {}, "Numerical_Variables": {"kubelet_cpu_usage": {"scale": 624.6666666666666, "mean": 0, "variance": 0, "weight": 514.3860936493288}, "kubelet_memory_bytes": {"scale": 13031665664.0, "mean": 0, "variance": 0, "weight": -52.03134309457488}}}}}