{"package": {"All_Weights": {"Bias_Weight": 1085.7554670309905, "Categorical_Variables": {}, "Numerical_Variables": {"kubelet_cpu_usage": {"mean": 2.3786104605776743, "variance": 4.55402596405399, "weight": 714.2977083983768}, "kubelet_memory_bytes": {"mean": 9808864.82435597, "variance": 7663836189704639.0, "weight": -89.06822700687653}}}}, "core": {"All_Weights": {"Bias_Weight": 0.0, "Categorical_Variables": {}, "Numerical_Variables": {"kubelet_cpu_usage": {"mean": 2.3786104605776743, "variance": 4.55402596405399, "weight": 0.0}, "kubelet_memory_bytes": {"mean": 9808864.82435597, "variance": 7663836189704639.0, "weight": 0.0}}}}, "uncore": {"All_Weights": {"Bias_Weight": 0.0, "Categorical_Variables": {}, "Numerical_Variables": {"kubelet_cpu_usage": {"mean": 2.3786104605776743, "variance": 4.55402596405399, "weight": 0.0}, "kubelet_memory_bytes": {"mean": 9808864.82435597, "variance": 7663836189704639.0, "weight": 0.0}}}}, "dram": {"All_Weights": {"Bias_Weight": 247.76262897562208, "Categorical_Variables": {}, "Numerical_Variables": {"kubelet_cpu_usage": {"mean": 2.3786104605776743, "variance": 4.55402596405399, "weight": 109.73127629045747}, "kubelet_memory_bytes": {"mean": 9808864.82435597, "variance": 7663836189704639.0, "weight": -21.32497041127736}}}}}