{"platform": {"All_Weights": {"Bias_Weight": 4894.060590928877, "Categorical_Variables": {}, "Numerical_Variables": {"bpf_block_irq": {"mean": 154674.18284106895, "variance": 810200780589.243, "weight": -104.78501714719876}, "bpf_cpu_time_us": {"mean": 412116.9732770745, "variance": 952257394226.6783, "weight": -225.4873197831905}, "bpf_net_rx_irq": {"mean": 295885.682137834, "variance": 414284497946.1124, "weight": -80.17917601050125}, "bpf_net_tx_irq": {"mean": 4.7257383966244735, "variance": 515.3514097337203, "weight": 96.17785570521605}}}}}