{"package": {"All_Weights": {"Bias_Weight": 104.61321149461908, "Categorical_Variables": {}, "Numerical_Variables": {"cache_miss": {"scale": 1726446003.6666665, "mean": 0, "variance": 0, "weight": 50.37194899822664}, "cpu_cycles": {"scale": 149306295734.0, "mean": 0, "variance": 0, "weight": 232.20024509320353}, "cpu_instructions": {"scale": 214099185926.3333, "mean": 0, "variance": 0, "weight": 94.62545475726547}}}}, "core": {"All_Weights": {"Bias_Weight": 0.0, "Categorical_Variables": {}, "Numerical_Variables": {"cache_miss": {"scale": 1726446003.6666665, "mean": 0, "variance": 0, "weight": 0.0}, "cpu_cycles": {"scale": 149306295734.0, "mean": 0, "variance": 0, "weight": 0.0}, "cpu_instructions": {"scale": 214099185926.3333, "mean": 0, "variance": 0, "weight": 0.0}}}}, "uncore": {"All_Weights": {"Bias_Weight": 0.0, "Categorical_Variables": {}, "Numerical_Variables": {"cache_miss": {"scale": 1726446003.6666665, "mean": 0, "variance": 0, "weight": 0.0}, "cpu_cycles": {"scale": 149306295734.0, "mean": 0, "variance": 0, "weight": 0.0}, "cpu_instructions": {"scale": 214099185926.3333, "mean": 0, "variance": 0, "weight": 0.0}}}}, "dram": {"All_Weights": {"Bias_Weight": 50.19714775202087, "Categorical_Variables": {}, "Numerical_Variables": {"cache_miss": {"scale": 1726446003.6666665, "mean": 0, "variance": 0, "weight": 49.753216884350614}, "cpu_cycles": {"scale": 149306295734.0, "mean": 0, "variance": 0, "weight": 13.492042146238694}, "cpu_instructions": {"scale": 214099185926.3333, "mean": 0, "variance": 0, "weight": -14.544600162110484}}}}}