{"package": {"All_Weights": {"Bias_Weight": 332.7710863109577, "Categorical_Variables": {}, "Numerical_Variables": {"cache_miss": {"scale": 1590590808.9999998, "mean": 0, "variance": 0, "weight": 173.10672481213712}, "cpu_cycles": {"scale": 149704902796.3333, "mean": 0, "variance": 0, "weight": 650.190826483578}, "cpu_instructions": {"scale": 213346687012.6667, "mean": 0, "variance": 0, "weight": 320.3948198670199}}}}, "core": {"All_Weights": {"Bias_Weight": 0.0, "Categorical_Variables": {}, "Numerical_Variables": {"cache_miss": {"scale": 1590590808.9999998, "mean": 0, "variance": 0, "weight": 0.0}, "cpu_cycles": {"scale": 149704902796.3333, "mean": 0, "variance": 0, "weight": 0.0}, "cpu_instructions": {"scale": 213346687012.6667, "mean": 0, "variance": 0, "weight": 0.0}}}}, "uncore": {"All_Weights": {"Bias_Weight": 0.0, "Categorical_Variables": {}, "Numerical_Variables": {"cache_miss": {"scale": 1590590808.9999998, "mean": 0, "variance": 0, "weight": 0.0}, "cpu_cycles": {"scale": 149704902796.3333, "mean": 0, "variance": 0, "weight": 0.0}, "cpu_instructions": {"scale": 213346687012.6667, "mean": 0, "variance": 0, "weight": 0.0}}}}, "dram": {"All_Weights": {"Bias_Weight": 150.3190263229801, "Categorical_Variables": {}, "Numerical_Variables": {"cache_miss": {"scale": 1590590808.9999998, "mean": 0, "variance": 0, "weight": 160.9577037817422}, "cpu_cycles": {"scale": 149704902796.3333, "mean": 0, "variance": 0, "weight": 34.36180280883302}, "cpu_instructions": {"scale": 213346687012.6667, "mean": 0, "variance": 0, "weight": -36.566234863714485}}}}}