{"package": {"All_Weights": {"Bias_Weight": 71.36388646994119, "Categorical_Variables": {}, "Numerical_Variables": {"bpf_block_irq": {"scale": 1.6666666666666667, "weight": -6.832114416001043}, "bpf_cpu_time_us": {"scale": 29182.999999999996, "weight": 89.02999763044635}, "bpf_net_rx_irq": {"scale": 483.66666666666663, "weight": -13.175560690679008}, "bpf_net_tx_irq": {"scale": 1.0, "weight": 0.0}, "bpf_page_cache_hit": {"scale": 9436.333333333334, "weight": 32.686834204692225}}}}, "core": {"All_Weights": {"Bias_Weight": 0.0, "Categorical_Variables": {}, "Numerical_Variables": {"bpf_block_irq": {"scale": 1.6666666666666667, "weight": 0.0}, "bpf_cpu_time_us": {"scale": 29182.999999999996, "weight": 0.0}, "bpf_net_rx_irq": {"scale": 483.66666666666663, "weight": 0.0}, "bpf_net_tx_irq": {"scale": 1.0, "weight": 0.0}, "bpf_page_cache_hit": {"scale": 9436.333333333334, "weight": 0.0}}}}, "uncore": {"All_Weights": {"Bias_Weight": 0.0, "Categorical_Variables": {}, "Numerical_Variables": {"bpf_block_irq": {"scale": 1.6666666666666667, "weight": 0.0}, "bpf_cpu_time_us": {"scale": 29182.999999999996, "weight": 0.0}, "bpf_net_rx_irq": {"scale": 483.66666666666663, "weight": 0.0}, "bpf_net_tx_irq": {"scale": 1.0, "weight": 0.0}, "bpf_page_cache_hit": {"scale": 9436.333333333334, "weight": 0.0}}}}, "dram": {"All_Weights": {"Bias_Weight": 40.937411707003044, "Categorical_Variables": {}, "Numerical_Variables": {"bpf_block_irq": {"scale": 1.6666666666666667, "weight": -1.90807693881564}, "bpf_cpu_time_us": {"scale": 29182.999999999996, "weight": 8.007952734555774}, "bpf_net_rx_irq": {"scale": 483.66666666666663, "weight": 17.219320340927748}, "bpf_net_tx_irq": {"scale": 1.0, "weight": 0.0}, "bpf_page_cache_hit": {"scale": 9436.333333333334, "weight": 15.634242363285301}}}}}