{"platform": {"All_Weights": {"Bias_Weight": 315.7162012246796, "Categorical_Variables": {}, "Numerical_Variables": {"kubelet_cpu_usage": {"scale": 624.6666666666666, "mean": 0, "variance": 0, "weight": 450.7206031571065}, "kubelet_memory_bytes": {"scale": 13031665664.0, "mean": 0, "variance": 0, "weight": -41.167939201723705}}}}}