{"package": {"All_Weights": {"Bias_Weight": 419.1752473493826, "Categorical_Variables": {}, "Numerical_Variables": {"bpf_cpu_time_us": {"mean": 100411.45145145144, "variance": 812219796422.7513, "weight": -3.468453010101599}}}}, "core": {"All_Weights": {"Bias_Weight": 0.0, "Categorical_Variables": {}, "Numerical_Variables": {"bpf_cpu_time_us": {"mean": 100411.45145145144, "variance": 812219796422.7513, "weight": 0.0}}}}, "uncore": {"All_Weights": {"Bias_Weight": 0.0, "Categorical_Variables": {}, "Numerical_Variables": {"bpf_cpu_time_us": {"mean": 100411.45145145144, "variance": 812219796422.7513, "weight": 0.0}}}}, "dram": {"All_Weights": {"Bias_Weight": 166.909068048417, "Categorical_Variables": {}, "Numerical_Variables": {"bpf_cpu_time_us": {"mean": 100411.45145145144, "variance": 812219796422.7513, "weight": -2.1444295233021675}}}}}