{"package": {"All_Weights": {"Bias_Weight": 373.27551447761834, "Categorical_Variables": {}, "Numerical_Variables": {"bpf_cpu_time_us": {"mean": 7618.048399687744, "variance": 49503566191.24723, "weight": -6.7151278137649575}}}}, "core": {"All_Weights": {"Bias_Weight": 0.0, "Categorical_Variables": {}, "Numerical_Variables": {"bpf_cpu_time_us": {"mean": 7618.048399687744, "variance": 49503566191.24723, "weight": 0.0}}}}, "uncore": {"All_Weights": {"Bias_Weight": 0.0, "Categorical_Variables": {}, "Numerical_Variables": {"bpf_cpu_time_us": {"mean": 7618.048399687744, "variance": 49503566191.24723, "weight": 0.0}}}}, "dram": {"All_Weights": {"Bias_Weight": 139.0830020459323, "Categorical_Variables": {}, "Numerical_Variables": {"bpf_cpu_time_us": {"mean": 7618.048399687744, "variance": 49503566191.24723, "weight": -4.052563262553208}}}}}