{"package": {"All_Weights": {"Bias_Weight": 330.55180385579433, "Categorical_Variables": {}, "Numerical_Variables": {"kubelet_cpu_usage": {"mean": 0.08584439240176954, "variance": 0.005149027510911803, "weight": 32.778894967754475}, "kubelet_memory_bytes": {"mean": 364098.1616445486, "variance": 8521677565829.081, "weight": -3.209664180888311}}}}, "core": {"All_Weights": {"Bias_Weight": 0.0, "Categorical_Variables": {}, "Numerical_Variables": {"kubelet_cpu_usage": {"mean": 0.08584439240176954, "variance": 0.005149027510911803, "weight": 0.0}, "kubelet_memory_bytes": {"mean": 364098.1616445486, "variance": 8521677565829.081, "weight": 0.0}}}}, "uncore": {"All_Weights": {"Bias_Weight": 0.0, "Categorical_Variables": {}, "Numerical_Variables": {"kubelet_cpu_usage": {"mean": 0.08584439240176954, "variance": 0.005149027510911803, "weight": 0.0}, "kubelet_memory_bytes": {"mean": 364098.1616445486, "variance": 8521677565829.081, "weight": 0.0}}}}, "dram": {"All_Weights": {"Bias_Weight": 128.87713040795174, "Categorical_Variables": {}, "Numerical_Variables": {"kubelet_cpu_usage": {"mean": 0.08584439240176954, "variance": 0.005149027510911803, "weight": 0.135258953803631}, "kubelet_memory_bytes": {"mean": 364098.1616445486, "variance": 8521677565829.081, "weight": 0.4005888241725524}}}}}