{"package": {"All_Weights": {"Bias_Weight": 399.8465933122822, "Categorical_Variables": {}, "Numerical_Variables": {"kubelet_cpu_usage": {"mean": 0.3086623354989186, "variance": 0.11882551366884181, "weight": 119.31505064290636}, "kubelet_memory_bytes": {"mean": 274579.5528902216, "variance": 2763989623111.006, "weight": 2.485235672515278}}}}, "core": {"All_Weights": {"Bias_Weight": 0.0, "Categorical_Variables": {}, "Numerical_Variables": {"kubelet_cpu_usage": {"mean": 0.3086623354989186, "variance": 0.11882551366884181, "weight": 0.0}, "kubelet_memory_bytes": {"mean": 274579.5528902216, "variance": 2763989623111.006, "weight": 0.0}}}}, "uncore": {"All_Weights": {"Bias_Weight": 0.0, "Categorical_Variables": {}, "Numerical_Variables": {"kubelet_cpu_usage": {"mean": 0.3086623354989186, "variance": 0.11882551366884181, "weight": 0.0}, "kubelet_memory_bytes": {"mean": 274579.5528902216, "variance": 2763989623111.006, "weight": 0.0}}}}, "dram": {"All_Weights": {"Bias_Weight": 145.97102686975694, "Categorical_Variables": {}, "Numerical_Variables": {"kubelet_cpu_usage": {"mean": 0.3086623354989186, "variance": 0.11882551366884181, "weight": 18.640741519307966}, "kubelet_memory_bytes": {"mean": 274579.5528902216, "variance": 2763989623111.006, "weight": 0.7288839066482157}}}}}