{"platform": {"All_Weights": {"Bias_Weight": -42.74637019997235, "Categorical_Variables": {}, "Numerical_Variables": {"bpf_block_irq": {"scale": 1.6666666666666667, "weight": 5.621397915328138}, "bpf_net_rx_irq": {"scale": 483.66666666666663, "weight": 58.696742074880476}, "bpf_net_tx_irq": {"scale": 1.0, "weight": 0.0}, "cache_miss": {"scale": 164824697.0, "weight": 70.79887886178604}, "cpu_cycles": {"scale": 56167500039.33333, "weight": 145.35644444588587}, "cpu_instructions": {"scale": 69255196529.66666, "weight": 0.0}}}}}