{"platform": {"All_Weights": {"Bias_Weight": -26.987932893138396, "Categorical_Variables": {}, "Numerical_Variables": {"bpf_block_irq": {"scale": 1.6666666666666667, "weight": 8.310858575769727}, "bpf_net_rx_irq": {"scale": 483.66666666666663, "weight": 28.252406330584733}, "bpf_net_tx_irq": {"scale": 1.0, "weight": 0.0}, "cache_miss": {"scale": 164824697.0, "weight": 70.29073411159148}, "cpu_cycles": {"scale": 56167500039.33333, "weight": 147.25707981163708}, "cpu_instructions": {"scale": 69255196529.66666, "weight": -7.988013911841316}}}}}