{"platform": {"All_Weights": {"Bias_Weight": 163.33067225902124, "Categorical_Variables": {}, "Numerical_Variables": {"bpf_cpu_time_us": {"scale": 91498.0, "mean": 0, "variance": 0, "weight": -212.395171872967}, "cache_miss": {"scale": 1726446003.6666667, "mean": 0, "variance": 0, "weight": 284.5278584471492}, "cgroupfs_cpu_usage_us": {"scale": 12701836.666666666, "mean": 0, "variance": 0, "weight": 50.65129274597419}, "cgroupfs_memory_usage_bytes": {"scale": 4781397.333333334, "mean": 0, "variance": 0, "weight": -310.9411863264082}, "cgroupfs_system_cpu_usage_us": {"scale": 2793123.3333333335, "mean": 0, "variance": 0, "weight": 69.17124298387697}, "cgroupfs_user_cpu_usage_us": {"scale": 9953209.0, "mean": 0, "variance": 0, "weight": 45.227239371144506}, "cpu_cycles": {"scale": 149306295734.0, "mean": 0, "variance": 0, "weight": 848.5135245258763}, "cpu_instructions": {"scale": 214099185926.3333, "mean": 0, "variance": 0, "weight": 233.0682849664319}, "kubelet_cpu_usage": {"scale": 604.6666666666666, "mean": 0, "variance": 0, "weight": -224.53605435646924}, "kubelet_memory_bytes": {"scale": 14456564394.666668, "mean": 0, "variance": 0, "weight": -413.0929558116246}}}}}