{"platform": {"All_Weights": {"Bias_Weight": 193.27402664669097, "Categorical_Variables": {}, "Numerical_Variables": {"bpf_cpu_time_us": {"scale": 91202.66666666666, "mean": 0, "variance": 0, "weight": -62.805444286323514}, "cache_miss": {"scale": 1590590809.0, "mean": 0, "variance": 0, "weight": 325.4516219460887}, "cgroupfs_cpu_usage_us": {"scale": 12170083.666666666, "mean": 0, "variance": 0, "weight": 27.664680730510682}, "cgroupfs_memory_usage_bytes": {"scale": 4784128.0, "mean": 0, "variance": 0, "weight": -268.6640120341069}, "cgroupfs_system_cpu_usage_us": {"scale": 2759825.333333333, "mean": 0, "variance": 0, "weight": 29.87980633768666}, "cgroupfs_user_cpu_usage_us": {"scale": 9410258.0, "mean": 0, "variance": 0, "weight": 27.01513009279943}, "cpu_cycles": {"scale": 149704902796.3333, "mean": 0, "variance": 0, "weight": 565.2714932361841}, "cpu_instructions": {"scale": 213346687012.6667, "mean": 0, "variance": 0, "weight": 322.21475742567907}, "kubelet_cpu_usage": {"scale": 624.6666666666666, "mean": 0, "variance": 0, "weight": -204.44452027512077}, "kubelet_memory_bytes": {"scale": 13031665664.0, "mean": 0, "variance": 0, "weight": -413.77897177944914}}}}}