{"platform": {"All_Weights": {"Bias_Weight": 54.266069916225355, "Categorical_Variables": {}, "Numerical_Variables": {"bpf_cpu_time_us": {"scale": 91457.0, "mean": 0, "variance": 0, "weight": -111.18597431158676}, "cache_miss": {"scale": 1721389657.0, "mean": 0, "variance": 0, "weight": 94.71402301529355}, "cgroupfs_cpu_usage_us": {"scale": 12288345.666666666, "mean": 0, "variance": 0, "weight": 15.657690039757364}, "cgroupfs_memory_usage_bytes": {"scale": 3384661.3333333335, "mean": 0, "variance": 0, "weight": -72.19870858258705}, "cgroupfs_system_cpu_usage_us": {"scale": 2701153.3333333335, "mean": 0, "variance": 0, "weight": 23.935038363325322}, "cgroupfs_user_cpu_usage_us": {"scale": 9587192.333333334, "mean": 0, "variance": 0, "weight": 13.325498053358018}, "cpu_cycles": {"scale": 148099636063.0, "mean": 0, "variance": 0, "weight": 328.5737639341518}, "cpu_instructions": {"scale": 213934713999.66666, "mean": 0, "variance": 0, "weight": 76.2671707870403}, "kubelet_cpu_usage": {"scale": 604.6666666666666, "mean": 0, "variance": 0, "weight": -73.44895339282368}, "kubelet_memory_bytes": {"scale": 14456362325.333334, "mean": 0, "variance": 0, "weight": -151.6558912217245}}}}}