{"package": {"All_Weights": {"Bias_Weight": 382.5095966928377, "Categorical_Variables": {}, "Numerical_Variables": {"kubelet_cpu_usage": {"mean": 2.7299885452462767, "variance": 3.561688952395198, "weight": 38.007150638778555}, "kubelet_memory_bytes": {"mean": 11294566.998213058, "variance": 726040312564912.4, "weight": -4.730556651967817}}}}, "core": {"All_Weights": {"Bias_Weight": 0.0, "Categorical_Variables": {}, "Numerical_Variables": {"kubelet_cpu_usage": {"mean": 2.7299885452462767, "variance": 3.561688952395198, "weight": 0.0}, "kubelet_memory_bytes": {"mean": 11294566.998213058, "variance": 726040312564912.4, "weight": 0.0}}}}, "uncore": {"All_Weights": {"Bias_Weight": 0.0, "Categorical_Variables": {}, "Numerical_Variables": {"kubelet_cpu_usage": {"mean": 2.7299885452462767, "variance": 3.561688952395198, "weight": 0.0}, "kubelet_memory_bytes": {"mean": 11294566.998213058, "variance": 726040312564912.4, "weight": 0.0}}}}, "dram": {"All_Weights": {"Bias_Weight": 156.894654477773, "Categorical_Variables": {}, "Numerical_Variables": {"kubelet_cpu_usage": {"mean": 2.7299885452462767, "variance": 3.561688952395198, "weight": 0.024866076955933836}, "kubelet_memory_bytes": {"mean": 11294566.998213058, "variance": 726040312564912.4, "weight": 0.13191595907551207}}}}}