{"package": {"All_Weights": {"Bias_Weight": 42.68391401805284, "Categorical_Variables": {}, "Numerical_Variables": {"cache_miss": {"scale": 164824697.0, "weight": 27.17948471292764}, "cpu_cycles": {"scale": 56167500039.33333, "weight": 115.12024514031202}, "cpu_instructions": {"scale": 69255196529.66666, "weight": 6.5065515083135566}}}}, "core": {"All_Weights": {"Bias_Weight": 0.0, "Categorical_Variables": {}, "Numerical_Variables": {"cache_miss": {"scale": 164824697.0, "weight": 0.0}, "cpu_cycles": {"scale": 56167500039.33333, "weight": 0.0}, "cpu_instructions": {"scale": 69255196529.66666, "weight": 0.0}}}}, "uncore": {"All_Weights": {"Bias_Weight": 0.0, "Categorical_Variables": {}, "Numerical_Variables": {"cache_miss": {"scale": 164824697.0, "weight": 0.0}, "cpu_cycles": {"scale": 56167500039.33333, "weight": 0.0}, "cpu_instructions": {"scale": 69255196529.66666, "weight": 0.0}}}}, "dram": {"All_Weights": {"Bias_Weight": 48.27957686395503, "Categorical_Variables": {}, "Numerical_Variables": {"cache_miss": {"scale": 164824697.0, "weight": 34.97791888598199}, "cpu_cycles": {"scale": 56167500039.33333, "weight": 2.9864133543902716}, "cpu_instructions": {"scale": 69255196529.66666, "weight": 0.0}}}}}