{"package": {"All_Weights": {"Bias_Weight": 42.80571441315064, "Categorical_Variables": {}, "Numerical_Variables": {"cache_miss": {"scale": 164824697.0, "weight": 30.14454543300799}, "cpu_cycles": {"scale": 56167500039.33333, "weight": 112.72423664920399}, "cpu_instructions": {"scale": 69255196529.66666, "weight": 9.848552459452495}}}}, "core": {"All_Weights": {"Bias_Weight": 0.0, "Categorical_Variables": {}, "Numerical_Variables": {"cache_miss": {"scale": 164824697.0, "weight": 0.0}, "cpu_cycles": {"scale": 56167500039.33333, "weight": 0.0}, "cpu_instructions": {"scale": 69255196529.66666, "weight": 0.0}}}}, "uncore": {"All_Weights": {"Bias_Weight": 0.0, "Categorical_Variables": {}, "Numerical_Variables": {"cache_miss": {"scale": 164824697.0, "weight": 0.0}, "cpu_cycles": {"scale": 56167500039.33333, "weight": 0.0}, "cpu_instructions": {"scale": 69255196529.66666, "weight": 0.0}}}}, "dram": {"All_Weights": {"Bias_Weight": 48.201706011201736, "Categorical_Variables": {}, "Numerical_Variables": {"cache_miss": {"scale": 164824697.0, "weight": 31.894422280485685}, "cpu_cycles": {"scale": 56167500039.33333, "weight": 8.309474679298303}, "cpu_instructions": {"scale": 69255196529.66666, "weight": -10.36481298617254}}}}}