{"package": {"All_Weights": {"Bias_Weight": 441.73709537518243, "Categorical_Variables": {}, "Numerical_Variables": {"kubelet_cpu_usage": {"mean": 8.225074882327771, "variance": 61.882611238231696, "weight": 98.16462513787368}, "kubelet_memory_bytes": {"mean": 9011536.046098989, "variance": 437786422376270.4, "weight": 4.7101248684026515}}}}, "core": {"All_Weights": {"Bias_Weight": 0.0, "Categorical_Variables": {}, "Numerical_Variables": {"kubelet_cpu_usage": {"mean": 8.225074882327771, "variance": 61.882611238231696, "weight": 0.0}, "kubelet_memory_bytes": {"mean": 9011536.046098989, "variance": 437786422376270.4, "weight": 0.0}}}}, "uncore": {"All_Weights": {"Bias_Weight": 0.0, "Categorical_Variables": {}, "Numerical_Variables": {"kubelet_cpu_usage": {"mean": 8.225074882327771, "variance": 61.882611238231696, "weight": 0.0}, "kubelet_memory_bytes": {"mean": 9011536.046098989, "variance": 437786422376270.4, "weight": 0.0}}}}, "dram": {"All_Weights": {"Bias_Weight": 171.8400433781077, "Categorical_Variables": {}, "Numerical_Variables": {"kubelet_cpu_usage": {"mean": 8.225074882327771, "variance": 61.882611238231696, "weight": 16.681952081481857}, "kubelet_memory_bytes": {"mean": 9011536.046098989, "variance": 437786422376270.4, "weight": 2.3878481612574283}}}}}