{"package": {"All_Weights": {"Bias_Weight": 13.18447974843766, "Categorical_Variables": {}, "Numerical_Variables": {"bpf_cpu_time_us": {"scale": 29182.999999999996, "weight": 87.69110854661707}, "bpf_page_cache_hit": {"scale": 9436.333333333334, "weight": 30.380527511982358}}}}, "core": {"All_Weights": {"Bias_Weight": 0.0, "Categorical_Variables": {}, "Numerical_Variables": {"bpf_cpu_time_us": {"scale": 29182.999999999996, "weight": 0.0}, "bpf_page_cache_hit": {"scale": 9436.333333333334, "weight": 0.0}}}}, "uncore": {"All_Weights": {"Bias_Weight": 0.0, "Categorical_Variables": {}, "Numerical_Variables": {"bpf_cpu_time_us": {"scale": 29182.999999999996, "weight": 0.0}, "bpf_page_cache_hit": {"scale": 9436.333333333334, "weight": 0.0}}}}, "dram": {"All_Weights": {"Bias_Weight": 1.3542543443073676, "Categorical_Variables": {}, "Numerical_Variables": {"bpf_cpu_time_us": {"scale": 29182.999999999996, "weight": 8.613685253935138}, "bpf_page_cache_hit": {"scale": 9436.333333333334, "weight": 16.590618223212836}}}}}