{"package": {"All_Weights": {"Bias_Weight": 13.139420950603684, "Categorical_Variables": {}, "Numerical_Variables": {"bpf_cpu_time_us": {"scale": 29182.999999999996, "weight": 89.68961372782917}, "bpf_page_cache_hit": {"scale": 9436.333333333334, "weight": 26.854077050115055}}}}, "core": {"All_Weights": {"Bias_Weight": 0.0, "Categorical_Variables": {}, "Numerical_Variables": {"bpf_cpu_time_us": {"scale": 29182.999999999996, "weight": 0.0}, "bpf_page_cache_hit": {"scale": 9436.333333333334, "weight": 0.0}}}}, "uncore": {"All_Weights": {"Bias_Weight": 0.0, "Categorical_Variables": {}, "Numerical_Variables": {"bpf_cpu_time_us": {"scale": 29182.999999999996, "weight": 0.0}, "bpf_page_cache_hit": {"scale": 9436.333333333334, "weight": 0.0}}}}, "dram": {"All_Weights": {"Bias_Weight": 1.4014362658506956, "Categorical_Variables": {}, "Numerical_Variables": {"bpf_cpu_time_us": {"scale": 29182.999999999996, "weight": 8.655092265742727}, "bpf_page_cache_hit": {"scale": 9436.333333333334, "weight": 15.481979540706433}}}}}