{"platform": {"All_Weights": {"Bias_Weight": 4878.181147497512, "Categorical_Variables": {}, "Numerical_Variables": {"cgroupfs_cpu_usage_us": {"mean": 204991.45941016174, "variance": 288035165.5059735, "weight": -621.7473177789738}, "cgroupfs_memory_usage_bytes": {"mean": 515705.44697608997, "variance": 12539668762.804775, "weight": -247.61914982097713}, "cgroupfs_system_cpu_usage_us": {"mean": 33551.77566807313, "variance": 5004771.616498128, "weight": -14.77099554267705}, "cgroupfs_user_cpu_usage_us": {"mean": 168566.5875527426, "variance": 248898177.8340285, "weight": 284.55905295782696}}}}}