{"platform": {"All_Weights": {"Bias_Weight": 18.738809749982437, "Categorical_Variables": {}, "Numerical_Variables": {"bpf_block_irq": {"scale": 3.3333333333333335, "mean": 0, "variance": 0, "weight": 0.0}, "bpf_net_rx_irq": {"scale": 122.33333333333333, "mean": 0, "variance": 0, "weight": 3.533418680085211}, "bpf_net_tx_irq": {"scale": 0.6666666666666666, "mean": 0, "variance": 0, "weight": 46.11321249224104}, "cache_miss": {"scale": 1721389657.0, "mean": 0, "variance": 0, "weight": 93.96647047490393}, "cpu_cycles": {"scale": 148099636063.0, "mean": 0, "variance": 0, "weight": 204.23078980012448}, "cpu_instructions": {"scale": 213934713999.66666, "mean": 0, "variance": 0, "weight": 89.35632858635742}}}}}