{"platform": {"All_Weights": {"Bias_Weight": 60.566446380815734, "Categorical_Variables": {}, "Numerical_Variables": {"bpf_block_irq": {"scale": 21.666666666666668, "mean": 0, "variance": 0, "weight": 32.236293431824386}, "bpf_net_rx_irq": {"scale": 12680.666666666668, "mean": 0, "variance": 0, "weight": 1138.654802020068}, "bpf_net_tx_irq": {"scale": 1.6666666666666667, "mean": 0, "variance": 0, "weight": 320.31369945578547}, "cache_miss": {"scale": 1726446003.6666667, "mean": 0, "variance": 0, "weight": 290.7060077341382}, "cpu_cycles": {"scale": 149306295734.0, "mean": 0, "variance": 0, "weight": 622.0794000302412}, "cpu_instructions": {"scale": 214099185926.3333, "mean": 0, "variance": 0, "weight": 247.952030208525}}}}}