{"platform": {"All_Weights": {"Bias_Weight": 93.30464418695396, "Categorical_Variables": {}, "Numerical_Variables": {"bpf_block_irq": {"scale": 73.33333333333333, "mean": 0, "variance": 0, "weight": 97.71877543313823}, "bpf_net_rx_irq": {"scale": 9830.0, "mean": 0, "variance": 0, "weight": 822.245015520829}, "bpf_net_tx_irq": {"scale": 1.6666666666666667, "mean": 0, "variance": 0, "weight": 290.74245038272693}, "cache_miss": {"scale": 1590590809.0, "mean": 0, "variance": 0, "weight": 286.78947247242166}, "cpu_cycles": {"scale": 149704902796.3333, "mean": 0, "variance": 0, "weight": 524.6115162075325}, "cpu_instructions": {"scale": 213346687012.6667, "mean": 0, "variance": 0, "weight": 350.8368123905278}}}}}