{"platform": {"All_Weights": {"Bias_Weight": 118.44635386768903, "Categorical_Variables": {}, "Numerical_Variables": {"bpf_block_irq": {"scale": 73.33333333333333, "mean": 0, "variance": 0, "weight": 13.646472692906766}, "bpf_net_rx_irq": {"scale": 9830.0, "mean": 0, "variance": 0, "weight": 98.34302707668179}, "bpf_net_tx_irq": {"scale": 1.6666666666666667, "mean": 0, "variance": 0, "weight": 280.974174078103}, "cache_miss": {"scale": 1590590809.0, "mean": 0, "variance": 0, "weight": 289.4123632393338}, "cpu_cycles": {"scale": 149704902796.3333, "mean": 0, "variance": 0, "weight": 503.5029639068554}, "cpu_instructions": {"scale": 213346687012.6667, "mean": 0, "variance": 0, "weight": 348.77406092393636}}}}}