{"platform": {"All_Weights": {"Bias_Weight": 33.06235527710918, "Categorical_Variables": {}, "Numerical_Variables": {"bpf_block_irq": {"scale": 3.3333333333333335, "mean": 0, "variance": 0, "weight": 7.243785224655907}, "bpf_net_rx_irq": {"scale": 122.33333333333333, "mean": 0, "variance": 0, "weight": 1.8420402381008}, "bpf_net_tx_irq": {"scale": 0.6666666666666666, "mean": 0, "variance": 0, "weight": 43.43603149160414}, "cache_miss": {"scale": 1721389657.0, "mean": 0, "variance": 0, "weight": 81.89913237093762}, "cpu_cycles": {"scale": 148099636063.0, "mean": 0, "variance": 0, "weight": 203.1667845384803}, "cpu_instructions": {"scale": 213934713999.66666, "mean": 0, "variance": 0, "weight": 89.68833162854338}}}}}