{"platform": {"All_Weights": {"Bias_Weight": 81.72597260586205, "Categorical_Variables": {}, "Numerical_Variables": {"bpf_block_irq": {"scale": 21.666666666666668, "mean": 0, "variance": 0, "weight": 2.2221328814125467}, "bpf_net_rx_irq": {"scale": 12680.666666666668, "mean": 0, "variance": 0, "weight": 58.709236839194276}, "bpf_net_tx_irq": {"scale": 1.6666666666666667, "mean": 0, "variance": 0, "weight": 322.4836638259293}, "cache_miss": {"scale": 1726446003.6666667, "mean": 0, "variance": 0, "weight": 261.93621238954444}, "cpu_cycles": {"scale": 149306295734.0, "mean": 0, "variance": 0, "weight": 611.6757445547142}, "cpu_instructions": {"scale": 214099185926.3333, "mean": 0, "variance": 0, "weight": 272.1772374908707}}}}}