{"package": {"All_Weights": {"Bias_Weight": 420.15428604350075, "Categorical_Variables": {}, "Numerical_Variables": {"cgroupfs_cpu_usage_us": {"mean": 205087.5204236006, "variance": 10369354180.603172, "weight": -9.73737308289268}, "cgroupfs_memory_usage_bytes": {"mean": 514593.8234997479, "variance": 204291922230.46744, "weight": -4.575088106718985}, "cgroupfs_system_cpu_usage_us": {"mean": 33561.522945032775, "variance": 183184607.9344626, "weight": -4.960928878300149}, "cgroupfs_user_cpu_usage_us": {"mean": 168735.5017650025, "variance": 9001573846.36531, "weight": -3.0448750824333404}}}}, "core": {"All_Weights": {"Bias_Weight": 0.0, "Categorical_Variables": {}, "Numerical_Variables": {"cgroupfs_cpu_usage_us": {"mean": 205087.5204236006, "variance": 10369354180.603172, "weight": 0.0}, "cgroupfs_memory_usage_bytes": {"mean": 514593.8234997479, "variance": 204291922230.46744, "weight": 0.0}, "cgroupfs_system_cpu_usage_us": {"mean": 33561.522945032775, "variance": 183184607.9344626, "weight": 0.0}, "cgroupfs_user_cpu_usage_us": {"mean": 168735.5017650025, "variance": 9001573846.36531, "weight": 0.0}}}}, "uncore": {"All_Weights": {"Bias_Weight": 0.0, "Categorical_Variables": {}, "Numerical_Variables": {"cgroupfs_cpu_usage_us": {"mean": 205087.5204236006, "variance": 10369354180.603172, "weight": 0.0}, "cgroupfs_memory_usage_bytes": {"mean": 514593.8234997479, "variance": 204291922230.46744, "weight": 0.0}, "cgroupfs_system_cpu_usage_us": {"mean": 33561.522945032775, "variance": 183184607.9344626, "weight": 0.0}, "cgroupfs_user_cpu_usage_us": {"mean": 168735.5017650025, "variance": 9001573846.36531, "weight": 0.0}}}}, "dram": {"All_Weights": {"Bias_Weight": 165.96235359585887, "Categorical_Variables": {}, "Numerical_Variables": {"cgroupfs_cpu_usage_us": {"mean": 205087.5204236006, "variance": 10369354180.603172, "weight": -2.2134067695102075}, "cgroupfs_memory_usage_bytes": {"mean": 514593.8234997479, "variance": 204291922230.46744, "weight": -0.08493069291773862}, "cgroupfs_system_cpu_usage_us": {"mean": 33561.522945032775, "variance": 183184607.9344626, "weight": 0.23312553850304255}, "cgroupfs_user_cpu_usage_us": {"mean": 168735.5017650025, "variance": 9001573846.36531, "weight": 0.1371536895271675}}}}}