{"platform": {"All_Weights": {"Bias_Weight": 6017.7120915423575, "Categorical_Variables": {}, "Numerical_Variables": {"bpf_cpu_time_us": {"mean": 2473.800676554775, "variance": 944573057.8887403, "weight": 66.18517384934496}}}}}