{"package": {"All_Weights": {"Bias_Weight": 383.0147222136598, "Categorical_Variables": {}, "Numerical_Variables": {"bpf_cpu_time_us": {"mean": 100411.45145145144, "variance": 812219796422.7513, "weight": 0.8920703164023717}}}}, "core": {"All_Weights": {"Bias_Weight": 0.0, "Categorical_Variables": {}, "Numerical_Variables": {"bpf_cpu_time_us": {"mean": 100411.45145145144, "variance": 812219796422.7513, "weight": 0.0}}}}, "uncore": {"All_Weights": {"Bias_Weight": 0.0, "Categorical_Variables": {}, "Numerical_Variables": {"bpf_cpu_time_us": {"mean": 100411.45145145144, "variance": 812219796422.7513, "weight": 0.0}}}}, "dram": {"All_Weights": {"Bias_Weight": 156.9938110928519, "Categorical_Variables": {}, "Numerical_Variables": {"bpf_cpu_time_us": {"mean": 100411.45145145144, "variance": 812219796422.7513, "weight": 0.12449564683760755}}}}}