{"platform": {"All_Weights": {"Bias_Weight": 4063.2816138538255, "Categorical_Variables": {}, "Numerical_Variables": {"bpf_cpu_time_us": {"mean": 609573.6089159067, "variance": 36597793266106.67, "weight": -2.7584838933241587}}}}}