{"package": {"All_Weights": {"Bias_Weight": 417.56171012928127, "Categorical_Variables": {}, "Numerical_Variables": {"kubelet_cpu_usage": {"mean": 6.123171961674231, "variance": 70.12909661204964, "weight": 102.99061582168834}, "kubelet_memory_bytes": {"mean": 9603123.638930913, "variance": 3745854878484309.5, "weight": 1.123790646766992}}}}, "core": {"All_Weights": {"Bias_Weight": 0.0, "Categorical_Variables": {}, "Numerical_Variables": {"kubelet_cpu_usage": {"mean": 6.123171961674231, "variance": 70.12909661204964, "weight": 0.0}, "kubelet_memory_bytes": {"mean": 9603123.638930913, "variance": 3745854878484309.5, "weight": 0.0}}}}, "uncore": {"All_Weights": {"Bias_Weight": 0.0, "Categorical_Variables": {}, "Numerical_Variables": {"kubelet_cpu_usage": {"mean": 6.123171961674231, "variance": 70.12909661204964, "weight": 0.0}, "kubelet_memory_bytes": {"mean": 9603123.638930913, "variance": 3745854878484309.5, "weight": 0.0}}}}, "dram": {"All_Weights": {"Bias_Weight": 165.58408156490262, "Categorical_Variables": {}, "Numerical_Variables": {"kubelet_cpu_usage": {"mean": 6.123171961674231, "variance": 70.12909661204964, "weight": 14.62698151259672}, "kubelet_memory_bytes": {"mean": 9603123.638930913, "variance": 3745854878484309.5, "weight": -0.045056724899056995}}}}}