{"platform": {"All_Weights": {"Bias_Weight": 4061.621333393622, "Categorical_Variables": {}, "Numerical_Variables": {"cgroupfs_cpu_usage_us": {"mean": 208512.5009118541, "variance": 10910913928.96719, "weight": -20.63793355867412}, "cgroupfs_memory_usage_bytes": {"mean": 534174.0093211753, "variance": 215080192942.43314, "weight": -10.679780011409242}, "cgroupfs_system_cpu_usage_us": {"mean": 33902.73556231003, "variance": 190307324.4991372, "weight": -1.7248595376586213}, "cgroupfs_user_cpu_usage_us": {"mean": 171906.7882472138, "variance": 9389697491.91362, "weight": -12.87810722480497}}}}}