{"platform": {"All_Weights": {"Bias_Weight": 4918.697711126028, "Categorical_Variables": {}, "Numerical_Variables": {"cgroupfs_cpu_usage_us": {"mean": 205087.5204236006, "variance": 10369354180.603172, "weight": -56.925056809138134}, "cgroupfs_memory_usage_bytes": {"mean": 514593.8234997479, "variance": 204291922230.46744, "weight": -80.79779360094392}, "cgroupfs_system_cpu_usage_us": {"mean": 33561.522945032775, "variance": 183184607.9344626, "weight": -21.220791458025158}, "cgroupfs_user_cpu_usage_us": {"mean": 168735.5017650025, "variance": 9001573846.36531, "weight": -2.9252363828174093}}}}}