{"package": {"All_Weights": {"Bias_Weight": 382.4600135595365, "Categorical_Variables": {}, "Numerical_Variables": {"bpf_block_irq": {"mean": 194.75475475475477, "variance": 4545435.817398981, "weight": 1.3998333212426468}, "bpf_cpu_time_us": {"mean": 100411.45145145144, "variance": 812219796422.7513, "weight": -0.08384738517078218}, "bpf_net_rx_irq": {"mean": 129566.57991324658, "variance": 1890569901205.6882, "weight": 1.5041653019241512}, "bpf_net_tx_irq": {"mean": 3.4167500834167503, "variance": 11650.83277026331, "weight": -12.08860924760992}}}}, "core": {"All_Weights": {"Bias_Weight": 0.0, "Categorical_Variables": {}, "Numerical_Variables": {"bpf_block_irq": {"mean": 194.75475475475477, "variance": 4545435.817398981, "weight": 0.0}, "bpf_cpu_time_us": {"mean": 100411.45145145144, "variance": 812219796422.7513, "weight": 0.0}, "bpf_net_rx_irq": {"mean": 129566.57991324658, "variance": 1890569901205.6882, "weight": 0.0}, "bpf_net_tx_irq": {"mean": 3.4167500834167503, "variance": 11650.83277026331, "weight": 0.0}}}}, "uncore": {"All_Weights": {"Bias_Weight": 0.0, "Categorical_Variables": {}, "Numerical_Variables": {"bpf_block_irq": {"mean": 194.75475475475477, "variance": 4545435.817398981, "weight": 0.0}, "bpf_cpu_time_us": {"mean": 100411.45145145144, "variance": 812219796422.7513, "weight": 0.0}, "bpf_net_rx_irq": {"mean": 129566.57991324658, "variance": 1890569901205.6882, "weight": 0.0}, "bpf_net_tx_irq": {"mean": 3.4167500834167503, "variance": 11650.83277026331, "weight": 0.0}}}}, "dram": {"All_Weights": {"Bias_Weight": 156.93095247460252, "Categorical_Variables": {}, "Numerical_Variables": {"bpf_block_irq": {"mean": 194.75475475475477, "variance": 4545435.817398981, "weight": -0.7304027899745064}, "bpf_cpu_time_us": {"mean": 100411.45145145144, "variance": 812219796422.7513, "weight": 0.2644472393668636}, "bpf_net_rx_irq": {"mean": 129566.57991324658, "variance": 1890569901205.6882, "weight": 0.09918707839875057}, "bpf_net_tx_irq": {"mean": 3.4167500834167503, "variance": 11650.83277026331, "weight": 0.230003754493965}}}}}