{"platform": {"All_Weights": {"Bias_Weight": 84.79637717669593, "Categorical_Variables": {}, "Numerical_Variables": {"bpf_block_irq": {"scale": 21.666666666666668, "mean": 0, "variance": 0, "weight": 71.75239357313268}, "bpf_cpu_time_us": {"scale": 91498.0, "mean": 0, "variance": 0, "weight": 668.4803011227016}, "bpf_net_rx_irq": {"scale": 12680.666666666668, "mean": 0, "variance": 0, "weight": 977.9159914946473}, "bpf_net_tx_irq": {"scale": 1.6666666666666667, "mean": 0, "variance": 0, "weight": 304.5783808680456}}}}}