{"platform": {"All_Weights": {"Bias_Weight": 29.076762076822675, "Categorical_Variables": {}, "Numerical_Variables": {"bpf_block_irq": {"scale": 3.3333333333333335, "mean": 0, "variance": 0, "weight": 2.4114280795600433}, "bpf_cpu_time_us": {"scale": 91457.0, "mean": 0, "variance": 0, "weight": 225.3262447298185}, "bpf_net_rx_irq": {"scale": 122.33333333333333, "mean": 0, "variance": 0, "weight": 2.893568183650672}, "bpf_net_tx_irq": {"scale": 0.6666666666666666, "mean": 0, "variance": 0, "weight": 40.60107546261152}}}}}