{"platform": {"All_Weights": {"Bias_Weight": 105.52989650051748, "Categorical_Variables": {}, "Numerical_Variables": {"bpf_block_irq": {"scale": 21.666666666666668, "mean": 0, "variance": 0, "weight": 6.313629452671631}, "bpf_cpu_time_us": {"scale": 91498.0, "mean": 0, "variance": 0, "weight": 659.4371631528397}, "bpf_net_rx_irq": {"scale": 12680.666666666668, "mean": 0, "variance": 0, "weight": 56.16362814094175}, "bpf_net_tx_irq": {"scale": 1.6666666666666667, "mean": 0, "variance": 0, "weight": 306.85709533927525}}}}}