{"platform": {"All_Weights": {"Bias_Weight": 144.13250207844996, "Categorical_Variables": {}, "Numerical_Variables": {"bpf_block_irq": {"scale": 73.33333333333333, "mean": 0, "variance": 0, "weight": 4.7748290777626545}, "bpf_cpu_time_us": {"scale": 91202.66666666666, "mean": 0, "variance": 0, "weight": 618.9421716038979}, "bpf_net_rx_irq": {"scale": 9830.0, "mean": 0, "variance": 0, "weight": 67.17254957445243}, "bpf_net_tx_irq": {"scale": 1.6666666666666667, "mean": 0, "variance": 0, "weight": 239.2293742718497}}}}}