{"platform": {"All_Weights": {"Bias_Weight": 33.99077309399384, "Categorical_Variables": {}, "Numerical_Variables": {"bpf_block_irq": {"scale": 3.3333333333333335, "mean": 0, "variance": 0, "weight": 6.0816625076283355}, "bpf_cpu_time_us": {"scale": 91457.0, "mean": 0, "variance": 0, "weight": 215.1034265677489}, "bpf_net_rx_irq": {"scale": 122.33333333333333, "mean": 0, "variance": 0, "weight": 3.3342918137318516}, "bpf_net_tx_irq": {"scale": 0.6666666666666666, "mean": 0, "variance": 0, "weight": 37.635041854785115}}}}}