{"package": {"All_Weights": {"Bias_Weight": 337.8264626033117, "Categorical_Variables": {}, "Numerical_Variables": {"bpf_block_irq": {"scale": 73.33333333333333, "mean": 0, "variance": 0, "weight": 9.256421456778344}, "bpf_net_rx_irq": {"scale": 9830.0, "mean": 0, "variance": 0, "weight": -0.1165680175247432}, "bpf_net_tx_irq": {"scale": 1.6666666666666667, "mean": 0, "variance": 0, "weight": -22.86907197358935}, "cache_miss": {"scale": 1590590809.0, "mean": 0, "variance": 0, "weight": 166.31087027718837}, "cpu_cycles": {"scale": 149704902796.3333, "mean": 0, "variance": 0, "weight": 658.4175528730892}, "cpu_instructions": {"scale": 213346687012.6667, "mean": 0, "variance": 0, "weight": 305.37287443196794}}}}, "core": {"All_Weights": {"Bias_Weight": 0.0, "Categorical_Variables": {}, "Numerical_Variables": {"bpf_block_irq": {"scale": 73.33333333333333, "mean": 0, "variance": 0, "weight": 0.0}, "bpf_net_rx_irq": {"scale": 9830.0, "mean": 0, "variance": 0, "weight": 0.0}, "bpf_net_tx_irq": {"scale": 1.6666666666666667, "mean": 0, "variance": 0, "weight": 0.0}, "cache_miss": {"scale": 1590590809.0, "mean": 0, "variance": 0, "weight": 0.0}, "cpu_cycles": {"scale": 149704902796.3333, "mean": 0, "variance": 0, "weight": 0.0}, "cpu_instructions": {"scale": 213346687012.6667, "mean": 0, "variance": 0, "weight": 0.0}}}}, "uncore": {"All_Weights": {"Bias_Weight": 0.0, "Categorical_Variables": {}, "Numerical_Variables": {"bpf_block_irq": {"scale": 73.33333333333333, "mean": 0, "variance": 0, "weight": 0.0}, "bpf_net_rx_irq": {"scale": 9830.0, "mean": 0, "variance": 0, "weight": 0.0}, "bpf_net_tx_irq": {"scale": 1.6666666666666667, "mean": 0, "variance": 0, "weight": 0.0}, "cache_miss": {"scale": 1590590809.0, "mean": 0, "variance": 0, "weight": 0.0}, "cpu_cycles": {"scale": 149704902796.3333, "mean": 0, "variance": 0, "weight": 0.0}, "cpu_instructions": {"scale": 213346687012.6667, "mean": 0, "variance": 0, "weight": 0.0}}}}, "dram": {"All_Weights": {"Bias_Weight": 150.62441258272503, "Categorical_Variables": {}, "Numerical_Variables": {"bpf_block_irq": {"scale": 73.33333333333333, "mean": 0, "variance": 0, "weight": 0.609234960298646}, "bpf_net_rx_irq": {"scale": 9830.0, "mean": 0, "variance": 0, "weight": 2.6225441981520063}, "bpf_net_tx_irq": {"scale": 1.6666666666666667, "mean": 0, "variance": 0, "weight": -1.5639072936351517}, "cache_miss": {"scale": 1590590809.0, "mean": 0, "variance": 0, "weight": 159.82846086248014}, "cpu_cycles": {"scale": 149704902796.3333, "mean": 0, "variance": 0, "weight": 33.72792477944297}, "cpu_instructions": {"scale": 213346687012.6667, "mean": 0, "variance": 0, "weight": -36.512468506002065}}}}}