{"platform": {"All_Weights": {"Bias_Weight": 4033.738120997723, "Categorical_Variables": {}, "Numerical_Variables": {"kubelet_cpu_usage": {"mean": 6.123171961674231, "variance": 70.12909661204964, "weight": 136.72817041946763}, "kubelet_memory_bytes": {"mean": 9603123.638930913, "variance": 3745854878484309.5, "weight": 33.549553880988945}}}}}