{"platform": {"All_Weights": {"Bias_Weight": 141.05063634400872, "Categorical_Variables": {}, "Numerical_Variables": {"cache_miss": {"scale": 1726446003.6666667, "mean": 0, "variance": 0, "weight": 247.6827094862545}, "cpu_cycles": {"scale": 149306295734.0, "mean": 0, "variance": 0, "weight": 608.25759259089}, "cpu_instructions": {"scale": 214099185926.3333, "mean": 0, "variance": 0, "weight": 236.92745451248362}}}}}