{"platform": {"All_Weights": {"Bias_Weight": 46.98864010673015, "Categorical_Variables": {}, "Numerical_Variables": {"cache_miss": {"scale": 1721389657.0, "mean": 0, "variance": 0, "weight": 77.15375348454101}, "cpu_cycles": {"scale": 148099636063.0, "mean": 0, "variance": 0, "weight": 203.30300472423178}, "cpu_instructions": {"scale": 213934713999.66666, "mean": 0, "variance": 0, "weight": 79.04367329892966}}}}}