{"platform": {"All_Weights": {"Bias_Weight": 171.09912436627647, "Categorical_Variables": {}, "Numerical_Variables": {"cache_miss": {"scale": 1590590809.0, "mean": 0, "variance": 0, "weight": 279.5018112196058}, "cpu_cycles": {"scale": 149704902796.3333, "mean": 0, "variance": 0, "weight": 486.42287054033966}, "cpu_instructions": {"scale": 213346687012.6667, "mean": 0, "variance": 0, "weight": 364.2732566885325}}}}}