{"platform": {"All_Weights": {"Bias_Weight": 170.533989898456, "Categorical_Variables": {}, "Numerical_Variables": {"cache_miss": {"scale": 1590590809.0, "mean": 0, "variance": 0, "weight": 249.71759052653601}, "cpu_cycles": {"scale": 149704902796.3333, "mean": 0, "variance": 0, "weight": 500.712512367446}, "cpu_instructions": {"scale": 213346687012.6667, "mean": 0, "variance": 0, "weight": 321.4793616241582}}}}}