{"platform": {"All_Weights": {"Bias_Weight": 46.18460523296411, "Categorical_Variables": {}, "Numerical_Variables": {"cache_miss": {"scale": 1721389657.0, "mean": 0, "variance": 0, "weight": 75.51939477306978}, "cpu_cycles": {"scale": 148099636063.0, "mean": 0, "variance": 0, "weight": 198.15164506976575}, "cpu_instructions": {"scale": 213934713999.66666, "mean": 0, "variance": 0, "weight": 88.68464385980874}}}}}