{"platform": {"All_Weights": {"Bias_Weight": 146.2166041827653, "Categorical_Variables": {}, "Numerical_Variables": {"cache_miss": {"scale": 1726446003.6666667, "mean": 0, "variance": 0, "weight": 221.98322713258588}, "cpu_cycles": {"scale": 149306295734.0, "mean": 0, "variance": 0, "weight": 594.3653543301438}, "cpu_instructions": {"scale": 214099185926.3333, "mean": 0, "variance": 0, "weight": 280.4460590916058}}}}}