{"platform": {"All_Weights": {"Bias_Weight": 4872.212710533669, "Categorical_Variables": {}, "Numerical_Variables": {"bpf_block_irq": {"mean": 148943.45940494203, "variance": 4725134461437.083, "weight": -97.65810566760847}, "bpf_cpu_time_us": {"mean": 417193.50479072105, "variance": 23137636021052.316, "weight": -18.636702526954757}, "bpf_net_rx_irq": {"mean": 308457.4079677257, "variance": 14275455788424.076, "weight": 23.765317255585607}, "bpf_net_tx_irq": {"mean": 5.1638930912758445, "variance": 17599.42262636342, "weight": -7.111857576931957}}}}}