{"platform": {"All_Weights": {"Bias_Weight": 3428.5277244569697, "Categorical_Variables": {}, "Numerical_Variables": {"bpf_cpu_time_us": {"mean": 4396.734965850408, "variance": 2355541161.2033987, "weight": -6.206335329695354}}}}}