{"platform": {"All_Weights": {"Bias_Weight": 3428.0488769761573, "Categorical_Variables": {}, "Numerical_Variables": {"bpf_block_irq": {"mean": 7462.849908379142, "variance": 5097291318.982175, "weight": -11.783046218585621}, "bpf_cpu_time_us": {"mean": 4396.734965850408, "variance": 2355541161.2033987, "weight": 1.646099175117518}, "bpf_net_rx_irq": {"mean": 1052.5723804764284, "variance": 164883426.70049617, "weight": -7.4960870846898}, "bpf_net_tx_irq": {"mean": 0.0, "variance": 0.0, "weight": 0.0}}}}}