{"platform": {"All_Weights": {"Bias_Weight": 4021.1102313074257, "Categorical_Variables": {}, "Numerical_Variables": {"bpf_cpu_time_us": {"scale": 91498.0, "mean": 0, "variance": 0, "weight": -371.97045382115925}, "cache_miss": {"scale": 1726446003.6666667, "mean": 0, "variance": 0, "weight": 281.54071835302636}, "cgroupfs_cpu_usage_us": {"scale": 12701836.666666666, "mean": 0, "variance": 0, "weight": 48.04243498079242}, "cgroupfs_memory_usage_bytes": {"scale": 4781397.333333334, "mean": 0, "variance": 0, "weight": -304.1085867479164}, "cgroupfs_system_cpu_usage_us": {"scale": 2793123.3333333335, "mean": 0, "variance": 0, "weight": 75.77040347214864}, "cgroupfs_user_cpu_usage_us": {"scale": 9953209.0, "mean": 0, "variance": 0, "weight": 40.04616160665126}, "cpu_cycles": {"scale": 149306295734.0, "mean": 0, "variance": 0, "weight": 1059.2016438812202}, "cpu_instructions": {"scale": 214099185926.3333, "mean": 0, "variance": 0, "weight": 208.01062946399844}, "kubelet_cpu_usage": {"scale": 604.6666666666666, "mean": 0, "variance": 0, "weight": -210.36299442950866}, "kubelet_memory_bytes": {"scale": 14456564394.666668, "mean": 0, "variance": 0, "weight": -476.27016518272416}}}}}