{"platform": {"All_Weights": {"Bias_Weight": 1341.256739441914, "Categorical_Variables": {}, "Numerical_Variables": {"bpf_cpu_time_us": {"scale": 91498.0, "mean": 0, "variance": 0, "weight": -103.27707515296123}, "cache_miss": {"scale": 1726446003.6666667, "mean": 0, "variance": 0, "weight": 96.04052375033308}, "cgroupfs_cpu_usage_us": {"scale": 12701836.666666666, "mean": 0, "variance": 0, "weight": 17.387166497565516}, "cgroupfs_memory_usage_bytes": {"scale": 4781397.333333334, "mean": 0, "variance": 0, "weight": -104.32501739577721}, "cgroupfs_system_cpu_usage_us": {"scale": 2793123.3333333335, "mean": 0, "variance": 0, "weight": 25.926256257198215}, "cgroupfs_user_cpu_usage_us": {"scale": 9953209.0, "mean": 0, "variance": 0, "weight": 14.91300018529267}, "cpu_cycles": {"scale": 149306295734.0, "mean": 0, "variance": 0, "weight": 323.0094486998193}, "cpu_instructions": {"scale": 214099185926.3333, "mean": 0, "variance": 0, "weight": 77.47700698163534}, "kubelet_cpu_usage": {"scale": 604.6666666666666, "mean": 0, "variance": 0, "weight": -75.50656203629707}, "kubelet_memory_bytes": {"scale": 14456564394.666668, "mean": 0, "variance": 0, "weight": -150.13241088341323}}}}}