{"platform": {"All_Weights": {"Bias_Weight": 4212.607309047866, "Categorical_Variables": {}, "Numerical_Variables": {"bpf_cpu_time_us": {"scale": 91202.66666666666, "mean": 0, "variance": 0, "weight": -117.39272628990435}, "cache_miss": {"scale": 1590590809.0, "mean": 0, "variance": 0, "weight": 308.01235695618755}, "cgroupfs_cpu_usage_us": {"scale": 12170083.666666666, "mean": 0, "variance": 0, "weight": 25.060225109379136}, "cgroupfs_memory_usage_bytes": {"scale": 4784128.0, "mean": 0, "variance": 0, "weight": -259.20459438969885}, "cgroupfs_system_cpu_usage_us": {"scale": 2759825.333333333, "mean": 0, "variance": 0, "weight": 34.61298634182705}, "cgroupfs_user_cpu_usage_us": {"scale": 9410258.0, "mean": 0, "variance": 0, "weight": 22.25851888044056}, "cpu_cycles": {"scale": 149704902796.3333, "mean": 0, "variance": 0, "weight": 646.1864348024167}, "cpu_instructions": {"scale": 213346687012.6667, "mean": 0, "variance": 0, "weight": 330.92032197044495}, "kubelet_cpu_usage": {"scale": 624.6666666666666, "mean": 0, "variance": 0, "weight": -228.51827127471864}, "kubelet_memory_bytes": {"scale": 13031665664.0, "mean": 0, "variance": 0, "weight": -494.0238505625546}}}}}