{"platform": {"All_Weights": {"Bias_Weight": 215.6722061031015, "Categorical_Variables": {}, "Numerical_Variables": {"bpf_cpu_time_us": {"scale": 29182.999999999996, "weight": 113.94335004438942}, "bpf_page_cache_hit": {"scale": 9436.333333333334, "weight": 56.604699365274215}}}}}