{"platform": {"All_Weights": {"Bias_Weight": 216.19296272200725, "Categorical_Variables": {}, "Numerical_Variables": {"bpf_cpu_time_us": {"scale": 29182.999999999996, "weight": 114.54744402407879}, "bpf_page_cache_hit": {"scale": 9436.333333333334, "weight": 50.93256066055085}}}}}