{"package": {"All_Weights": {"Bias_Weight": 434.29160348299314, "Categorical_Variables": {}, "Numerical_Variables": {"cgroupfs_cpu_usage_us": {"mean": 199447.7877877878, "variance": 9426474078.560682, "weight": -194.94120185532626}, "cgroupfs_memory_usage_bytes": {"mean": 482352.1761761762, "variance": 184856631171.5708, "weight": 24.633409694326946}, "cgroupfs_system_cpu_usage_us": {"mean": 32999.666332999666, "variance": 170948615.17061496, "weight": 27.218051202014056}, "cgroupfs_user_cpu_usage_us": {"mean": 163513.51351351352, "variance": 8318641764.888012, "weight": -131.96491894839508}}}}, "core": {"All_Weights": {"Bias_Weight": 0.0, "Categorical_Variables": {}, "Numerical_Variables": {"cgroupfs_cpu_usage_us": {"mean": 199447.7877877878, "variance": 9426474078.560682, "weight": 0.0}, "cgroupfs_memory_usage_bytes": {"mean": 482352.1761761762, "variance": 184856631171.5708, "weight": 0.0}, "cgroupfs_system_cpu_usage_us": {"mean": 32999.666332999666, "variance": 170948615.17061496, "weight": 0.0}, "cgroupfs_user_cpu_usage_us": {"mean": 163513.51351351352, "variance": 8318641764.888012, "weight": 0.0}}}}, "uncore": {"All_Weights": {"Bias_Weight": 0.0, "Categorical_Variables": {}, "Numerical_Variables": {"cgroupfs_cpu_usage_us": {"mean": 199447.7877877878, "variance": 9426474078.560682, "weight": 0.0}, "cgroupfs_memory_usage_bytes": {"mean": 482352.1761761762, "variance": 184856631171.5708, "weight": 0.0}, "cgroupfs_system_cpu_usage_us": {"mean": 32999.666332999666, "variance": 170948615.17061496, "weight": 0.0}, "cgroupfs_user_cpu_usage_us": {"mean": 163513.51351351352, "variance": 8318641764.888012, "weight": 0.0}}}}, "dram": {"All_Weights": {"Bias_Weight": 167.53914084666272, "Categorical_Variables": {}, "Numerical_Variables": {"cgroupfs_cpu_usage_us": {"mean": 199447.7877877878, "variance": 9426474078.560682, "weight": -17.447411998778247}, "cgroupfs_memory_usage_bytes": {"mean": 482352.1761761762, "variance": 184856631171.5708, "weight": 2.698451016653484}, "cgroupfs_system_cpu_usage_us": {"mean": 32999.666332999666, "variance": 170948615.17061496, "weight": 9.625568987118402}, "cgroupfs_user_cpu_usage_us": {"mean": 163513.51351351352, "variance": 8318641764.888012, "weight": -18.436430630094545}}}}}