{"package": {"All_Weights": {"Bias_Weight": 399.8221615645759, "Categorical_Variables": {}, "Numerical_Variables": {"bpf_block_irq": {"mean": 7462.849908379142, "variance": 5097291318.982175, "weight": -11.782251253590324}, "bpf_cpu_time_us": {"mean": 4396.734965850408, "variance": 2355541161.2033987, "weight": 0.23003761715149895}, "bpf_net_rx_irq": {"mean": 1052.5723804764284, "variance": 164883426.70049617, "weight": -3.6016089838986405}, "bpf_net_tx_irq": {"mean": 0.0, "variance": 0.0, "weight": 0.0}}}}, "core": {"All_Weights": {"Bias_Weight": 0.0, "Categorical_Variables": {}, "Numerical_Variables": {"bpf_block_irq": {"mean": 7462.849908379142, "variance": 5097291318.982175, "weight": 0.0}, "bpf_cpu_time_us": {"mean": 4396.734965850408, "variance": 2355541161.2033987, "weight": 0.0}, "bpf_net_rx_irq": {"mean": 1052.5723804764284, "variance": 164883426.70049617, "weight": 0.0}, "bpf_net_tx_irq": {"mean": 0.0, "variance": 0.0, "weight": 0.0}}}}, "uncore": {"All_Weights": {"Bias_Weight": 0.0, "Categorical_Variables": {}, "Numerical_Variables": {"bpf_block_irq": {"mean": 7462.849908379142, "variance": 5097291318.982175, "weight": 0.0}, "bpf_cpu_time_us": {"mean": 4396.734965850408, "variance": 2355541161.2033987, "weight": 0.0}, "bpf_net_rx_irq": {"mean": 1052.5723804764284, "variance": 164883426.70049617, "weight": 0.0}, "bpf_net_tx_irq": {"mean": 0.0, "variance": 0.0, "weight": 0.0}}}}, "dram": {"All_Weights": {"Bias_Weight": 145.9187500208554, "Categorical_Variables": {}, "Numerical_Variables": {"bpf_block_irq": {"mean": 7462.849908379142, "variance": 5097291318.982175, "weight": -2.8043379476407795}, "bpf_cpu_time_us": {"mean": 4396.734965850408, "variance": 2355541161.2033987, "weight": 0.7128993312339806}, "bpf_net_rx_irq": {"mean": 1052.5723804764284, "variance": 164883426.70049617, "weight": -2.150181308143281}, "bpf_net_tx_irq": {"mean": 0.0, "variance": 0.0, "weight": 0.0}}}}}