{"platform": {"All_Weights": {"Bias_Weight": 6246.372448591117, "Categorical_Variables": {}, "Numerical_Variables": {"bpf_block_irq": {"mean": 194.75475475475477, "variance": 4545435.817398981, "weight": 45.294412775867166}, "bpf_cpu_time_us": {"mean": 100411.45145145144, "variance": 812219796422.7513, "weight": -143.5393905122403}, "bpf_net_rx_irq": {"mean": 129566.57991324658, "variance": 1890569901205.6882, "weight": 236.24127487406784}, "bpf_net_tx_irq": {"mean": 3.4167500834167503, "variance": 11650.83277026331, "weight": 82.94532690518801}}}}}