{"package": {"All_Weights": {"Bias_Weight": 329.76680912614074, "Categorical_Variables": {}, "Numerical_Variables": {"bpf_block_irq": {"mean": 4.529794431433776, "variance": 2465.4795167790908, "weight": 0.36747230405460396}, "bpf_cpu_time_us": {"mean": 2473.800676554775, "variance": 944573057.8887403, "weight": -1.5898020865198277}, "bpf_net_rx_irq": {"mean": 3345.9193338537593, "variance": 2128897719.3774228, "weight": 3.2443896620734143}, "bpf_net_tx_irq": {"mean": 0.13322924798334634, "variance": 15.140777738031433, "weight": 0.8320173075867289}}}}, "core": {"All_Weights": {"Bias_Weight": 0.0, "Categorical_Variables": {}, "Numerical_Variables": {"bpf_block_irq": {"mean": 4.529794431433776, "variance": 2465.4795167790908, "weight": 0.0}, "bpf_cpu_time_us": {"mean": 2473.800676554775, "variance": 944573057.8887403, "weight": 0.0}, "bpf_net_rx_irq": {"mean": 3345.9193338537593, "variance": 2128897719.3774228, "weight": 0.0}, "bpf_net_tx_irq": {"mean": 0.13322924798334634, "variance": 15.140777738031433, "weight": 0.0}}}}, "uncore": {"All_Weights": {"Bias_Weight": 0.0, "Categorical_Variables": {}, "Numerical_Variables": {"bpf_block_irq": {"mean": 4.529794431433776, "variance": 2465.4795167790908, "weight": 0.0}, "bpf_cpu_time_us": {"mean": 2473.800676554775, "variance": 944573057.8887403, "weight": 0.0}, "bpf_net_rx_irq": {"mean": 3345.9193338537593, "variance": 2128897719.3774228, "weight": 0.0}, "bpf_net_tx_irq": {"mean": 0.13322924798334634, "variance": 15.140777738031433, "weight": 0.0}}}}, "dram": {"All_Weights": {"Bias_Weight": 128.78429715372584, "Categorical_Variables": {}, "Numerical_Variables": {"bpf_block_irq": {"mean": 4.529794431433776, "variance": 2465.4795167790908, "weight": -0.3984449916477368}, "bpf_cpu_time_us": {"mean": 2473.800676554775, "variance": 944573057.8887403, "weight": -0.534232924175732}, "bpf_net_rx_irq": {"mean": 3345.9193338537593, "variance": 2128897719.3774228, "weight": 0.9097640571106295}, "bpf_net_tx_irq": {"mean": 0.13322924798334634, "variance": 15.140777738031433, "weight": -0.1325665356595122}}}}}