{"package": {"All_Weights": {"Bias_Weight": 440.34847207751943, "Categorical_Variables": {}, "Numerical_Variables": {"bpf_cpu_time_us": {"mean": 604873.8496648126, "variance": 1432722470136.7961, "weight": -13.488713011723261}}}}, "core": {"All_Weights": {"Bias_Weight": 0.0, "Categorical_Variables": {}, "Numerical_Variables": {"bpf_cpu_time_us": {"mean": 604873.8496648126, "variance": 1432722470136.7961, "weight": 0.0}}}}, "uncore": {"All_Weights": {"Bias_Weight": 0.0, "Categorical_Variables": {}, "Numerical_Variables": {"bpf_cpu_time_us": {"mean": 604873.8496648126, "variance": 1432722470136.7961, "weight": 0.0}}}}, "dram": {"All_Weights": {"Bias_Weight": 171.9567032423918, "Categorical_Variables": {}, "Numerical_Variables": {"bpf_cpu_time_us": {"mean": 604873.8496648126, "variance": 1432722470136.7961, "weight": -5.539824749300159}}}}}