{"platform": {"All_Weights": {"Bias_Weight": 4445.776254119692, "Categorical_Variables": {}, "Numerical_Variables": {"bpf_cpu_time_us": {"mean": 3646.1929717651833, "variance": 1805705021.2792134, "weight": 13.071625620425719}}}}}