{"package": {"All_Weights": {"Bias_Weight": 42.662560993467046, "Categorical_Variables": {}, "Numerical_Variables": {"bpf_cpu_time_us": {"scale": 29182.999999999996, "weight": 0.43440277194138316}, "bpf_page_cache_hit": {"scale": 9436.333333333334, "weight": 12.589920060274688}, "cache_miss": {"scale": 164824697.0, "weight": 25.79436300857404}, "cgroupfs_cpu_usage_us": {"scale": 18441512.999999996, "weight": -1.3028673598437193}, "cgroupfs_memory_usage_bytes": {"scale": 5829973.333333334, "weight": 10.81306481229837}, "cgroupfs_system_cpu_usage_us": {"scale": 4407750.666666666, "weight": -0.36537741816835306}, "cgroupfs_user_cpu_usage_us": {"scale": 14033762.333333334, "weight": -1.5973227094519702}, "cpu_cycles": {"scale": 56167500039.33333, "weight": 109.85325080958066}, "cpu_instructions": {"scale": 69255196529.66666, "weight": 12.787834000817503}, "kubelet_cpu_usage": {"scale": 187.33333333333334, "weight": 0.4793173497720992}, "kubelet_memory_bytes": {"scale": 21214233941.333332, "weight": -0.5869927160500154}}}}, "core": {"All_Weights": {"Bias_Weight": 0.0, "Categorical_Variables": {}, "Numerical_Variables": {"bpf_cpu_time_us": {"scale": 29182.999999999996, "weight": 0.0}, "bpf_page_cache_hit": {"scale": 9436.333333333334, "weight": 0.0}, "cache_miss": {"scale": 164824697.0, "weight": 0.0}, "cgroupfs_cpu_usage_us": {"scale": 18441512.999999996, "weight": 0.0}, "cgroupfs_memory_usage_bytes": {"scale": 5829973.333333334, "weight": 0.0}, "cgroupfs_system_cpu_usage_us": {"scale": 4407750.666666666, "weight": 0.0}, "cgroupfs_user_cpu_usage_us": {"scale": 14033762.333333334, "weight": 0.0}, "cpu_cycles": {"scale": 56167500039.33333, "weight": 0.0}, "cpu_instructions": {"scale": 69255196529.66666, "weight": 0.0}, "kubelet_cpu_usage": {"scale": 187.33333333333334, "weight": 0.0}, "kubelet_memory_bytes": {"scale": 21214233941.333332, "weight": 0.0}}}}, "uncore": {"All_Weights": {"Bias_Weight": 0.0, "Categorical_Variables": {}, "Numerical_Variables": {"bpf_cpu_time_us": {"scale": 29182.999999999996, "weight": 0.0}, "bpf_page_cache_hit": {"scale": 9436.333333333334, "weight": 0.0}, "cache_miss": {"scale": 164824697.0, "weight": 0.0}, "cgroupfs_cpu_usage_us": {"scale": 18441512.999999996, "weight": 0.0}, "cgroupfs_memory_usage_bytes": {"scale": 5829973.333333334, "weight": 0.0}, "cgroupfs_system_cpu_usage_us": {"scale": 4407750.666666666, "weight": 0.0}, "cgroupfs_user_cpu_usage_us": {"scale": 14033762.333333334, "weight": 0.0}, "cpu_cycles": {"scale": 56167500039.33333, "weight": 0.0}, "cpu_instructions": {"scale": 69255196529.66666, "weight": 0.0}, "kubelet_cpu_usage": {"scale": 187.33333333333334, "weight": 0.0}, "kubelet_memory_bytes": {"scale": 21214233941.333332, "weight": 0.0}}}}, "dram": {"All_Weights": {"Bias_Weight": 48.29243019832603, "Categorical_Variables": {}, "Numerical_Variables": {"bpf_cpu_time_us": {"scale": 29182.999999999996, "weight": 3.4152550343370756}, "bpf_page_cache_hit": {"scale": 9436.333333333334, "weight": 2.0519285602359463}, "cache_miss": {"scale": 164824697.0, "weight": 30.222047461019912}, "cgroupfs_cpu_usage_us": {"scale": 18441512.999999996, "weight": 0.1463748646579493}, "cgroupfs_memory_usage_bytes": {"scale": 5829973.333333334, "weight": 1.72566844317238}, "cgroupfs_system_cpu_usage_us": {"scale": 4407750.666666666, "weight": 0.27692015766396016}, "cgroupfs_user_cpu_usage_us": {"scale": 14033762.333333334, "weight": 0.10537321022411633}, "cpu_cycles": {"scale": 56167500039.33333, "weight": 5.465613994248471}, "cpu_instructions": {"scale": 69255196529.66666, "weight": -11.042398532034444}, "kubelet_cpu_usage": {"scale": 187.33333333333334, "weight": 1.0489141410675868}, "kubelet_memory_bytes": {"scale": 21214233941.333332, "weight": 0.6911109732869751}}}}}