{"package": {"All_Weights": {"Bias_Weight": 400.39928855041444, "Categorical_Variables": {}, "Numerical_Variables": {"bpf_block_irq": {"mean": 223780.58970514743, "variance": 4587604565407.282, "weight": -16.18789876884473}, "bpf_cpu_time_us": {"mean": 24722.358820589703, "variance": 50928245536.731476, "weight": 7.906767314543527}, "bpf_net_rx_irq": {"mean": 2.55872063968016, "variance": 8727.219398796353, "weight": -2.987967271472735}, "bpf_net_tx_irq": {"mean": 0.0, "variance": 0.0, "weight": 0.0}}}}, "core": {"All_Weights": {"Bias_Weight": 0.0, "Categorical_Variables": {}, "Numerical_Variables": {"bpf_block_irq": {"mean": 223780.58970514743, "variance": 4587604565407.282, "weight": 0.0}, "bpf_cpu_time_us": {"mean": 24722.358820589703, "variance": 50928245536.731476, "weight": 0.0}, "bpf_net_rx_irq": {"mean": 2.55872063968016, "variance": 8727.219398796353, "weight": 0.0}, "bpf_net_tx_irq": {"mean": 0.0, "variance": 0.0, "weight": 0.0}}}}, "uncore": {"All_Weights": {"Bias_Weight": 0.0, "Categorical_Variables": {}, "Numerical_Variables": {"bpf_block_irq": {"mean": 223780.58970514743, "variance": 4587604565407.282, "weight": 0.0}, "bpf_cpu_time_us": {"mean": 24722.358820589703, "variance": 50928245536.731476, "weight": 0.0}, "bpf_net_rx_irq": {"mean": 2.55872063968016, "variance": 8727.219398796353, "weight": 0.0}, "bpf_net_tx_irq": {"mean": 0.0, "variance": 0.0, "weight": 0.0}}}}, "dram": {"All_Weights": {"Bias_Weight": 145.67832877281552, "Categorical_Variables": {}, "Numerical_Variables": {"bpf_block_irq": {"mean": 223780.58970514743, "variance": 4587604565407.282, "weight": -0.20845323964850918}, "bpf_cpu_time_us": {"mean": 24722.358820589703, "variance": 50928245536.731476, "weight": -3.75813354136256}, "bpf_net_rx_irq": {"mean": 2.55872063968016, "variance": 8727.219398796353, "weight": -3.9813895930820697}, "bpf_net_tx_irq": {"mean": 0.0, "variance": 0.0, "weight": 0.0}}}}}