{"platform": {"All_Weights": {"Bias_Weight": 4119.2560496375345, "Categorical_Variables": {}, "Numerical_Variables": {"bpf_block_irq": {"scale": 73.33333333333333, "mean": 0, "variance": 0, "weight": 149.29314675232706}, "bpf_net_rx_irq": {"scale": 9830.0, "mean": 0, "variance": 0, "weight": 840.4894347428532}, "bpf_net_tx_irq": {"scale": 1.6666666666666667, "mean": 0, "variance": 0, "weight": 271.3562825312949}, "cache_miss": {"scale": 1590590809.0, "mean": 0, "variance": 0, "weight": 306.8373361935257}, "cpu_cycles": {"scale": 149704902796.3333, "mean": 0, "variance": 0, "weight": 499.1893307499781}, "cpu_instructions": {"scale": 213346687012.6667, "mean": 0, "variance": 0, "weight": 366.1885653817869}}}}}