{"platform": {"All_Weights": {"Bias_Weight": 3921.8310461391557, "Categorical_Variables": {}, "Numerical_Variables": {"bpf_block_irq": {"scale": 21.666666666666668, "mean": 0, "variance": 0, "weight": 621.869505470774}, "bpf_net_rx_irq": {"scale": 12680.666666666668, "mean": 0, "variance": 0, "weight": 1072.9105685278114}, "bpf_net_tx_irq": {"scale": 1.6666666666666667, "mean": 0, "variance": 0, "weight": 314.8955472875839}, "cache_miss": {"scale": 1726446003.6666667, "mean": 0, "variance": 0, "weight": 281.8837595667771}, "cpu_cycles": {"scale": 149306295734.0, "mean": 0, "variance": 0, "weight": 611.8264329752845}, "cpu_instructions": {"scale": 214099185926.3333, "mean": 0, "variance": 0, "weight": 274.02857686413404}}}}}