{"platform": {"All_Weights": {"Bias_Weight": 4131.366854946255, "Categorical_Variables": {}, "Numerical_Variables": {"bpf_block_irq": {"scale": 73.33333333333333, "mean": 0, "variance": 0, "weight": 24.069355607104256}, "bpf_net_rx_irq": {"scale": 9830.0, "mean": 0, "variance": 0, "weight": 189.59802015650175}, "bpf_net_tx_irq": {"scale": 1.6666666666666667, "mean": 0, "variance": 0, "weight": 297.7855847970529}, "cache_miss": {"scale": 1590590809.0, "mean": 0, "variance": 0, "weight": 272.87518678342565}, "cpu_cycles": {"scale": 149704902796.3333, "mean": 0, "variance": 0, "weight": 517.2765919094769}, "cpu_instructions": {"scale": 213346687012.6667, "mean": 0, "variance": 0, "weight": 338.89991547381965}}}}}