{"platform": {"All_Weights": {"Bias_Weight": 1310.4938454831629, "Categorical_Variables": {}, "Numerical_Variables": {"bpf_block_irq": {"scale": 21.666666666666668, "mean": 0, "variance": 0, "weight": 2.4886849450516317}, "bpf_net_rx_irq": {"scale": 12680.666666666668, "mean": 0, "variance": 0, "weight": 40.34799943835795}, "bpf_net_tx_irq": {"scale": 1.6666666666666667, "mean": 0, "variance": 0, "weight": 117.47544835208886}, "cache_miss": {"scale": 1726446003.6666667, "mean": 0, "variance": 0, "weight": 87.6679260282821}, "cpu_cycles": {"scale": 149306295734.0, "mean": 0, "variance": 0, "weight": 206.93125725540477}, "cpu_instructions": {"scale": 214099185926.3333, "mean": 0, "variance": 0, "weight": 86.85906405911075}}}}}