{"platform": {"All_Weights": {"Bias_Weight": 3937.9076745752177, "Categorical_Variables": {}, "Numerical_Variables": {"bpf_block_irq": {"scale": 21.666666666666668, "mean": 0, "variance": 0, "weight": 14.424014393399094}, "bpf_net_rx_irq": {"scale": 12680.666666666668, "mean": 0, "variance": 0, "weight": 131.17187555412633}, "bpf_net_tx_irq": {"scale": 1.6666666666666667, "mean": 0, "variance": 0, "weight": 346.5493095462127}, "cache_miss": {"scale": 1726446003.6666667, "mean": 0, "variance": 0, "weight": 259.0742759068444}, "cpu_cycles": {"scale": 149306295734.0, "mean": 0, "variance": 0, "weight": 633.4528782012362}, "cpu_instructions": {"scale": 214099185926.3333, "mean": 0, "variance": 0, "weight": 239.39652672393845}}}}}