{"platform": {"All_Weights": {"Bias_Weight": 4424.823341508324, "Categorical_Variables": {}, "Numerical_Variables": {"cgroupfs_cpu_usage_us": {"mean": 2862.461060329068, "variance": 15252536.609461538, "weight": 337.7117363350117}, "cgroupfs_memory_usage_bytes": {"mean": 6864.980865326021, "variance": 147679196.77260336, "weight": 294.2391533262031}, "cgroupfs_system_cpu_usage_us": {"mean": 475.269144830388, "variance": 373206.2916795969, "weight": 605.2379358065666}, "cgroupfs_user_cpu_usage_us": {"mean": 2339.88421694089, "variance": 11166742.244025389, "weight": -72.63119683693398}}}}}