{"package": {"All_Weights": {"Bias_Weight": 382.6948346037124, "Categorical_Variables": {}, "Numerical_Variables": {"cgroupfs_cpu_usage_us": {"mean": 199447.7877877878, "variance": 9426474078.560682, "weight": 0.14937340395009321}, "cgroupfs_memory_usage_bytes": {"mean": 482352.1761761762, "variance": 184856631171.5708, "weight": -3.8411110285666923}, "cgroupfs_system_cpu_usage_us": {"mean": 32999.666332999666, "variance": 170948615.17061496, "weight": 0.20900910724862015}, "cgroupfs_user_cpu_usage_us": {"mean": 163513.51351351352, "variance": 8318641764.888012, "weight": -2.2226901152975866}}}}, "core": {"All_Weights": {"Bias_Weight": 0.0, "Categorical_Variables": {}, "Numerical_Variables": {"cgroupfs_cpu_usage_us": {"mean": 199447.7877877878, "variance": 9426474078.560682, "weight": 0.0}, "cgroupfs_memory_usage_bytes": {"mean": 482352.1761761762, "variance": 184856631171.5708, "weight": 0.0}, "cgroupfs_system_cpu_usage_us": {"mean": 32999.666332999666, "variance": 170948615.17061496, "weight": 0.0}, "cgroupfs_user_cpu_usage_us": {"mean": 163513.51351351352, "variance": 8318641764.888012, "weight": 0.0}}}}, "uncore": {"All_Weights": {"Bias_Weight": 0.0, "Categorical_Variables": {}, "Numerical_Variables": {"cgroupfs_cpu_usage_us": {"mean": 199447.7877877878, "variance": 9426474078.560682, "weight": 0.0}, "cgroupfs_memory_usage_bytes": {"mean": 482352.1761761762, "variance": 184856631171.5708, "weight": 0.0}, "cgroupfs_system_cpu_usage_us": {"mean": 32999.666332999666, "variance": 170948615.17061496, "weight": 0.0}, "cgroupfs_user_cpu_usage_us": {"mean": 163513.51351351352, "variance": 8318641764.888012, "weight": 0.0}}}}, "dram": {"All_Weights": {"Bias_Weight": 156.9293838109024, "Categorical_Variables": {}, "Numerical_Variables": {"cgroupfs_cpu_usage_us": {"mean": 199447.7877877878, "variance": 9426474078.560682, "weight": -0.2708412102633165}, "cgroupfs_memory_usage_bytes": {"mean": 482352.1761761762, "variance": 184856631171.5708, "weight": -0.19465197921607888}, "cgroupfs_system_cpu_usage_us": {"mean": 32999.666332999666, "variance": 170948615.17061496, "weight": 0.14978909281460462}, "cgroupfs_user_cpu_usage_us": {"mean": 163513.51351351352, "variance": 8318641764.888012, "weight": 0.2500182002424478}}}}}