{"package": {"All_Weights": {"Bias_Weight": -7.780604338861494, "Categorical_Variables": {}, "Numerical_Variables": {"cache_miss": {"scale": 164824697.0, "weight": 28.795403028854732}, "cpu_cycles": {"scale": 56167500039.33333, "weight": 113.54213213305827}, "cpu_instructions": {"scale": 69255196529.66666, "weight": 9.081803253353284}}}}, "core": {"All_Weights": {"Bias_Weight": 0.0, "Categorical_Variables": {}, "Numerical_Variables": {"cache_miss": {"scale": 164824697.0, "weight": 0.0}, "cpu_cycles": {"scale": 56167500039.33333, "weight": 0.0}, "cpu_instructions": {"scale": 69255196529.66666, "weight": 0.0}}}}, "uncore": {"All_Weights": {"Bias_Weight": 0.0, "Categorical_Variables": {}, "Numerical_Variables": {"cache_miss": {"scale": 164824697.0, "weight": 0.0}, "cpu_cycles": {"scale": 56167500039.33333, "weight": 0.0}, "cpu_instructions": {"scale": 69255196529.66666, "weight": 0.0}}}}, "dram": {"All_Weights": {"Bias_Weight": 0.6624891308166534, "Categorical_Variables": {}, "Numerical_Variables": {"cache_miss": {"scale": 164824697.0, "weight": 35.01893642460399}, "cpu_cycles": {"scale": 56167500039.33333, "weight": 2.969446784785029}, "cpu_instructions": {"scale": 69255196529.66666, "weight": 0.0}}}}}