{"package": {"All_Weights": {"Bias_Weight": -7.356653305482087, "Categorical_Variables": {}, "Numerical_Variables": {"cache_miss": {"scale": 164824697.0, "weight": 29.47181530695126}, "cpu_cycles": {"scale": 56167500039.33333, "weight": 111.27890601242171}, "cpu_instructions": {"scale": 69255196529.66666, "weight": 11.501493471017252}}}}, "core": {"All_Weights": {"Bias_Weight": 0.0, "Categorical_Variables": {}, "Numerical_Variables": {"cache_miss": {"scale": 164824697.0, "weight": 0.0}, "cpu_cycles": {"scale": 56167500039.33333, "weight": 0.0}, "cpu_instructions": {"scale": 69255196529.66666, "weight": 0.0}}}}, "uncore": {"All_Weights": {"Bias_Weight": 0.0, "Categorical_Variables": {}, "Numerical_Variables": {"cache_miss": {"scale": 164824697.0, "weight": 0.0}, "cpu_cycles": {"scale": 56167500039.33333, "weight": 0.0}, "cpu_instructions": {"scale": 69255196529.66666, "weight": 0.0}}}}, "dram": {"All_Weights": {"Bias_Weight": 0.5623546236812119, "Categorical_Variables": {}, "Numerical_Variables": {"cache_miss": {"scale": 164824697.0, "weight": 32.36205743762296}, "cpu_cycles": {"scale": 56167500039.33333, "weight": 7.888981790280212}, "cpu_instructions": {"scale": 69255196529.66666, "weight": -9.800688967829753}}}}}