{"package": {"All_Weights": {"Bias_Weight": 63.48695087446204, "Categorical_Variables": {}, "Numerical_Variables": {"bpf_cpu_time_us": {"scale": 29182.999999999996, "weight": 89.11030791143685}, "bpf_page_cache_hit": {"scale": 9436.333333333334, "weight": 30.418488524976713}}}}, "core": {"All_Weights": {"Bias_Weight": 0.0, "Categorical_Variables": {}, "Numerical_Variables": {"bpf_cpu_time_us": {"scale": 29182.999999999996, "weight": 0.0}, "bpf_page_cache_hit": {"scale": 9436.333333333334, "weight": 0.0}}}}, "uncore": {"All_Weights": {"Bias_Weight": 0.0, "Categorical_Variables": {}, "Numerical_Variables": {"bpf_cpu_time_us": {"scale": 29182.999999999996, "weight": 0.0}, "bpf_page_cache_hit": {"scale": 9436.333333333334, "weight": 0.0}}}}, "dram": {"All_Weights": {"Bias_Weight": 49.06219085987296, "Categorical_Variables": {}, "Numerical_Variables": {"bpf_cpu_time_us": {"scale": 29182.999999999996, "weight": 8.34255421597523}, "bpf_page_cache_hit": {"scale": 9436.333333333334, "weight": 16.65465929632107}}}}}