{"package": {"All_Weights": {"Bias_Weight": 63.429017518612255, "Categorical_Variables": {}, "Numerical_Variables": {"bpf_cpu_time_us": {"scale": 29182.999999999996, "weight": 88.40227693984596}, "bpf_page_cache_hit": {"scale": 9436.333333333334, "weight": 29.124613177060514}}}}, "core": {"All_Weights": {"Bias_Weight": 0.0, "Categorical_Variables": {}, "Numerical_Variables": {"bpf_cpu_time_us": {"scale": 29182.999999999996, "weight": 0.0}, "bpf_page_cache_hit": {"scale": 9436.333333333334, "weight": 0.0}}}}, "uncore": {"All_Weights": {"Bias_Weight": 0.0, "Categorical_Variables": {}, "Numerical_Variables": {"bpf_cpu_time_us": {"scale": 29182.999999999996, "weight": 0.0}, "bpf_page_cache_hit": {"scale": 9436.333333333334, "weight": 0.0}}}}, "dram": {"All_Weights": {"Bias_Weight": 49.036892120947705, "Categorical_Variables": {}, "Numerical_Variables": {"bpf_cpu_time_us": {"scale": 29182.999999999996, "weight": 8.90875875028723}, "bpf_page_cache_hit": {"scale": 9436.333333333334, "weight": 15.320222770331924}}}}}