{"package": {"All_Weights": {"Bias_Weight": 331.30493673020504, "Categorical_Variables": {}, "Numerical_Variables": {"bpf_cpu_time_us": {"mean": 7618.048399687744, "variance": 49503566191.24723, "weight": 1.1331942027297939}}}}, "core": {"All_Weights": {"Bias_Weight": 0.0, "Categorical_Variables": {}, "Numerical_Variables": {"bpf_cpu_time_us": {"mean": 7618.048399687744, "variance": 49503566191.24723, "weight": 0.0}}}}, "uncore": {"All_Weights": {"Bias_Weight": 0.0, "Categorical_Variables": {}, "Numerical_Variables": {"bpf_cpu_time_us": {"mean": 7618.048399687744, "variance": 49503566191.24723, "weight": 0.0}}}}, "dram": {"All_Weights": {"Bias_Weight": 128.77673470623148, "Categorical_Variables": {}, "Numerical_Variables": {"bpf_cpu_time_us": {"mean": 7618.048399687744, "variance": 49503566191.24723, "weight": 0.0023144514323428385}}}}}